Ministerie	O
van	O
Volksgezondheid	O
,	O
Welzijn	O
en	O
Sport	O
>	O
Retouradres	O
Postbus	O
20350	O
2500	O
El	O
Den	O
Haag	O
Adviescollege	O
Openbaarheid	O
en	O
Informatiehuishouding	O
T.a.v.	O
mevrouw	O
I.	B-PER
van	I-PER
Gent	E-PER
en	O
mevrouw	O
L.	B-PER
Bremmer	E-PER
Postbus	O
18601	O
2595	O
AN	O
DEN	O
HAAG	O
Bezoekadres	O
:	O
Parnassusplein	O
5	O
2511	O
VX	O
Den	O
Haag	O
T	O
70	O
340	O
79	O
11	O
Secretaris	O
Generaal	O
/	O
plv.	O
Secretaris	O
Generaal	O
Programmadirectie	O
Openbaarheid	O
Team	O
F	S-PER
Datum	O
-	O
1	O
JUNI	O
2023	O
Betreft	O
reactie	O
advies	O
inzake	O
Woo-verzoek	O
naar	O
informatie	O
over	O
COVID-19	O
Geachte	O
mevrouw	O
Van	B-PER
Gent	E-PER
en	O
Bremmer	S-PER
,	O
Op	O
5	O
april	O
2023	O
heeft	O
uw	O
adviescollege	O
advies	O
uitgebracht	O
naar	O
aanleiding	O
van	O
een	O
klacht	O
van	O
een	O
journalist	O
over	O
de	O
afhandeling	O
van	O
Woo-verzoeken	O
door	O
het	O
ministerie	O
van	O
VWS	O
.	O
Een	O
afschrift	O
van	O
dit	O
advies	O
heeft	O
u	O
gestuurd	O
naar	O
de	O
Tweede	O
Kamer	O
,	O
de	O
minister	O
van	O
Binnenlandse	O
Zaken	O
en	O
Koninkrijksrelaties	O
en	O
de	O
staatssecretaris	O
voor	O
Cultuur	O
en	O
Media	O
.	O
In	O
uw	O
advies	O
van	O
5	O
april	O
2023	O
gaat	O
u	O
in	O
op	O
de	O
klacht	O
van	O
deze	O
journalist	O
,	O
maar	O
heeft	O
u	O
ook	O
meer	O
algemene	O
opmerkingen	O
over	O
de	O
behandeling	O
van	O
corona	O
Woo-	O
verzoeken	O
.	O
In	O
deze	O
brief	O
reageer	O
ik	O
inhoudelijk	O
op	O
uw	O
advies	O
en	O
aanbevelingen	O
.	O
Een	O
afschrift	O
van	O
deze	O
brief	O
zend	O
ik	O
aan	O
de	O
Tweede	O
Kamer	O
.	O
Voor	O
een	O
aanvullende	O
reactie	O
op	O
uw	O
aanbevelingen	O
over	O
de	O
elementen	O
die	O
raken	O
aan	O
de	O
stelselverantwoordelijkheid	O
van	O
de	O
minister	O
van	O
Binnenlandse	O
Zaken	O
en	O
Koninkrijksrelaties	O
,	O
waaronder	O
de	O
Rijksbrede	O
toepassing	O
van	O
de	O
i-grond	O
en	O
de	O
omgang	O
met	O
concepten	O
,	O
verwijs	O
ik	O
u	O
naar	O
de	O
brief	O
van	O
22	O
mei	O
2023	O
van	O
het	O
ministerie	O
van	O
Binnenlandse	O
Zaken	O
en	O
Koninkrijksrelaties	O
.	O
Hierin	O
geeft	O
de	O
minister	O
van	O
Binnenlandse	O
Zaken	O
aan	O
dat	O
er	O
medio	O
juni	O
een	O
overleg	O
is	O
voorzien	O
met	O
uw	O
adviescollege	O
en	O
dat	O
er	O
nadien	O
schriftelijk	O
op	O
die	O
onderdelen	O
van	O
het	O
advies	O
zal	O
worden	O
gereageerd	O
.	O
Algemene	O
opmerkingen	O
De	O
aanleiding	O
voor	O
uw	O
advies	O
van	O
5	O
april	O
2023	O
was	O
de	O
klacht	O
van	O
de	O
journalist	O
over	O
mijn	O
Woo-deelbesluit	O
van	O
7	O
juli	O
2022	O
.	O
Daarnaast	O
heeft	O
hij	O
een	O
bezwaarprocedure	O
geïnitieerd	O
tegen	O
verschillende	O
deelbesluiten	O
.	O
De	O
behandeling	O
van	O
deze	O
bezwaarprocedure	O
is	O
destijds	O
aangehouden	O
in	O
afwachting	O
van	O
het	O
bemiddelingstraject	O
en	O
uw	O
advies	O
.	O
Met	O
het	O
beslissen	O
op	O
de	O
bezwaarschriften	O
van	O
verzoeker	O
en	O
daarmee	O
het	O
heroverwegen	O
van	O
de	O
beoordeling	O
van	O
de	O
ongeveer	O
10.000	O
bijbehorende	O
documenten	O
gaat	O
nog	O
enige	O
tijd	O
gemoeid	O
.	O
Ik	O
verwacht	O
verzoeker	O
uiterlijk	O
in	O
september	O
2023	O
te	O
kunnen	O
berichten	O
.	O
Op	O
het	O
moment	O
dat	O
ik	O
heb	O
beslist	O
op	O
de	O
bezwaren	O
van	O
de	O
journalist	O
,	O
zal	O
ik	O
u	O
hierover	O
informeren	O
.	O
In	O
deze	O
brief	O
ga	O
ik	O
in	O
op	O
uw	O
adviezen	O
die	O
zijn	O
gericht	O
op	O
de	O
aanpak	O
van	O
het	O
ministerie	O
van	O
VWS	O
van	O
de	O
afhandeling	O
van	O
corona-gerelateerde	O
Woo-	O
www.rijksoverheid.n1	O
Inlichtingen	O
bij	O
E	O
dienstpostbusWoo-	O
corona-ondersteuning	O
@	O
minvws.n1	O
T	O
70	O
340	O
6080	O
Kenmerk	O
3598473-1048681-PDO	O
Uw	O
brief	O
d.d.	O
5	O
april	O
2023	O
Correspondentie	O
uitsluitend	O
richten	O
aan	O
het	O
retouradres	O
met	O
vermelding	O
van	O
de	O
datum	O
en	O
het	O
kenmerk	O
van	O
deze	O
brief	O
.	O
Pagina	O
1	O
van	O
1	O
verzoeken	O
,	O
met	O
name	O
de	O
gefaseerde	O
werkwijze	O
en	O
de	O
(	O
achterblijvende	O
)	O
resultaten	O
daarvan	O
.	O
De	O
gefaseerde	O
aanpak	O
Ik	O
onderschrijf	O
het	O
belang	O
van	O
een	O
transparante	O
overheid	O
en	O
een	O
daarbij	O
behorende	O
adequate	O
informatievoorziening	O
voor	O
journalisten	O
en	O
andere	O
verzoekers	O
die	O
informatieverzoeken	O
indienen	O
.	O
Ten	O
tijde	O
van	O
de	O
crisis	O
,	O
in	O
2020	O
,	O
is	O
het	O
ministerie	O
van	O
VWS	O
aan	O
de	O
slag	O
gegaan	O
met	O
het	O
afhandelen	O
van	O
corona-gerelateerde	O
Wob-	O
(	O
per	O
1	O
mei	O
2022	O
Woo-	O
)	O
verzoeken	O
.	O
Gegeven	O
het	O
oplopende	O
aantal	O
Woo-verzoeken	O
en	O
de	O
grote	O
hoeveelheid	O
documenten	O
is	O
een	O
speciale	O
werkwijze	O
ontwikkeld	O
de	O
gefaseerde	O
aanpak	O
.	O
In	O
plaats	O
van	O
afhandeling	O
en	O
openbaarmaking	O
per	O
verzoek	O
,	O
maakt	O
het	O
ministerie	O
informatie	O
per	O
thema	O
en	O
per	O
tijdsperiode	O
openbaar	O
zodat	O
meerdere	O
verzoekers	O
tegelijkertijd	O
kunnen	O
worden	O
voorzien	O
van	O
informatie	O
.	O
Gaandeweg	O
heeft	O
het	O
ministerie	O
gewerkt	O
aan	O
optimalisering	O
en	O
verbeteren	O
van	O
deze	O
werkwijze	O
,	O
mede	O
in	O
overleg	O
met	O
journalisten	O
en	O
andere	O
verzoekers	O
.	O
Ondanks	O
deze	O
voortdurende	O
inzet	O
voor	O
een	O
adequate	O
informatievoorziening	O
moeten	O
journalisten	O
en	O
andere	O
verzoekers	O
lang	O
wachten	O
op	O
voor	O
hun	O
relevante	O
informatie	O
.	O
Ik	O
begrijp	O
de	O
frustratie	O
die	O
deze	O
aanpak	O
bij	O
verzoekers	O
teweegbrengt	O
en	O
probeer	O
continu	O
het	O
beoordelingsproces	O
te	O
verbeteren	O
en	O
te	O
versnellen	O
.	O
Helaas	O
zou	O
individuele	O
afhandeling	O
van	O
corona-gerelateerde	O
Woo-verzoeken	O
eveneens	O
gepaard	O
gaan	O
met	O
lange	O
wachttijden	O
.	O
Dit	O
heeft	O
te	O
maken	O
met	O
een	O
aantal	O
bijzondere	O
omstandigheden	O
:	O
Het	O
gaat	O
om	O
een	O
grote	O
hoeveelheid	O
documenten	O
(	O
in	O
totaal	O
op	O
dit	O
moment	O
ruim	O
meer	O
dan	O
8	O
miljoen	O
)	O
uit	O
de	O
crisisperiode	O
.	O
Het	O
gaat	O
om	O
een	O
groot	O
aantal	O
verzoeken	O
.	O
Inmiddels	O
staat	O
de	O
teller	O
op	O
ruim	O
440	O
verzoeken	O
sinds	O
de	O
start	O
van	O
de	O
coronacrisis	O
.	O
Deze	O
kunnen	O
niet	O
allemaal	O
tegelijkertijd	O
worden	O
afgehandeld	O
.	O
Keuzes	O
moeten	O
worden	O
gemaakt	O
,	O
waarbij	O
een	O
keuze	O
voor	O
de	O
één	O
ten	O
koste	O
gaat	O
van	O
de	O
ander	O
.	O
De	O
in	O
2021	O
opgerichte	O
programmadirectie	O
Openbaarheid	O
die	O
de	O
corona-	O
gerelateerde	O
Woo-verzoeken	O
afhandelt	O
,	O
heeft	O
te	O
kampen	O
met	O
voortdurende	O
in-	O
en	O
uitstroom	O
van	O
medewerkers	O
.	O
Dit	O
betekent	O
dat	O
er	O
voortdurend	O
juristen	O
worden	O
opleid	O
en	O
begeleid	O
.	O
De	O
schaarste	O
op	O
de	O
arbeidsmarkt	O
maakt	O
het	O
vinden	O
van	O
juristen	O
niet	O
eenvoudig	O
.	O
-	O
Bij	O
de	O
afhandeling	O
van	O
Woo-verzoeken	O
heeft	O
het	O
ministerie	O
de	O
kaders	O
van	O
de	O
Wet	O
open	O
overheid	O
,	O
andere	O
wetgeving	O
zoals	O
de	O
Algemene	O
Verordening	O
Gegevensbescherming	O
(	O
AVG	O
)	O
en	O
de	O
geldende	O
jurisprudentie	O
van	O
de	O
Afdeling	O
Bestuursrechtspraak	O
van	O
de	O
Raad	O
van	O
State	O
de	O
corona-informatie	O
te	O
respecteren	O
.	O
Documenten	O
kunnen	O
niet	O
zomaar	O
openbaar	O
gemaakt	O
worden	O
bij	O
de	O
procedure	O
zijn	O
vaak	O
vele	O
derde-belanghebbenden	O
betrokken	O
die	O
zich	O
tegen	O
openbaarmaking	O
kunnen	O
verzetten	O
.	O
-	O
De	O
beoordeling	O
van	O
documenten	O
is	O
en	O
blijft	O
arbeidsintensief	O
.	O
Ondanks	O
de	O
voortdurende	O
inzet	O
voor	O
opleiding	O
en	O
begeleiding	O
,	O
gebeurt	O
dit	O
niet	O
foutloos	O
.	O
De	O
termijnen	O
die	O
de	O
Woo	O
hanteert	O
zijn	O
gegeven	O
de	O
hiervoor	O
genoemde	O
omstandigheden	O
niet	O
realistisch	O
en	O
niet	O
uitvoerbaar	O
.	O
Daarnaast	O
wil	O
ik	O
u	O
ook	O
het	O
volgende	O
meegeven	O
.	O
Het	O
ministerie	O
van	O
VWS	O
heeft	O
voor	O
de	O
afhandeling	O
van	O
corona	O
gerelateerde	O
Woo-verzoeken	O
verschillende	O
documenten	O
verzameld	O
uit	O
diverse	O
informatiesystemen	O
binnen	O
het	O
ministerie	O
en	O
het	O
RIVM	O
.	O
Secretaris	O
Generaal	O
/	O
plv.	O
Secretaris	O
Generaal	O
Programmadirectie	O
Openbaarheid	O
Team	O
F	E-PER
Kenmerk	O
3598473-1048681-PDO	O
Pagina	O
2	O
van	O
1	O
Deze	O
documenten	O
zien	O
op	O
de	O
periode	O
tot	O
eind	O
maart	O
2022	O
.	O
Inmiddels	O
zijn	O
ook	O
verschillende	O
Woo-verzoeken	O
ontvangen	O
van	O
verzoekers	O
die	O
documenten	O
opvragen	O
uit	O
de	O
periode	O
erna	O
.	O
Dit	O
betekent	O
dat	O
de	O
verzamelde	O
dataset	O
uitgebreid	O
moet	O
worden	O
.	O
Dit	O
vraagt	O
veel	O
tijd	O
en	O
capaciteit	O
.	O
Ik	O
verwacht	O
in	O
juli	O
2023	O
de	O
dataset	O
beschikbaar	O
te	O
hebben	O
tot	O
en	O
met	O
31	O
mei	O
2022	O
.	O
Met	O
deze	O
werkzaamheden	O
is	O
al	O
gestart	O
.	O
Tegen	O
het	O
einde	O
van	O
dit	O
kalenderjaar	O
verwacht	O
ik	O
dat	O
de	O
dataset	O
over	O
de	O
resterende	O
periode	O
tot	O
en	O
met	O
april	O
2023	O
beschikbaar	O
zal	O
zijn	O
.	O
Dit	O
betekent	O
dat	O
voor	O
zover	O
Woo-verzoeken	O
op	O
de	O
periode	O
na	O
maart	O
2022	O
betrekking	O
hebben	O
,	O
het	O
helaas	O
niet	O
lukt	O
om	O
deze	O
af	O
te	O
handelen	O
.	O
Voor	O
zover	O
Woo-verzoekers	O
om	O
een	O
beperkt	O
aantal	O
specifieke	O
documenten	O
vragen	O
,	O
wordt	O
vanzelfsprekend	O
geprobeerd	O
de	O
desbetreffende	O
documenten	O
bij	O
betrokken	O
onderdelen	O
van	O
de	O
organisatie	O
op	O
te	O
halen	O
.	O
Bij	O
omvangrijke	O
Woo-verzoeken	O
is	O
dit	O
geen	O
reëel	O
alternatief	O
.	O
Ik	O
betreur	O
dit	O
ten	O
zeerste	O
,	O
maar	O
gegeven	O
de	O
technische	O
werkzaamheden	O
die	O
nodig	O
zijn	O
om	O
tot	O
een	O
aangevulde	O
dataset	O
te	O
komen	O
is	O
dit	O
op	O
dit	O
moment	O
helaas	O
de	O
situatie	O
.	O
Kortom	O
:	O
er	O
zijn	O
veel	O
uitdagingen	O
.	O
Ik	O
doe	O
daarbij	O
alles	O
wat	O
in	O
mijn	O
macht	O
ligt	O
om	O
verzoekers	O
,	O
binnen	O
de	O
kaders	O
van	O
de	O
Woo	O
,	O
sneller	O
en	O
efficiënter	O
van	O
de	O
gevraagde	O
informatie	O
te	O
voorzien	O
.	O
Net	O
als	O
u	O
vind	O
ik	O
transparantie	O
een	O
groot	O
goed	O
,	O
zodat	O
burgers	O
inzicht	O
kunnen	O
krijgen	O
in	O
hoe	O
de	O
overheid	O
opereert	O
en	O
beslissingen	O
tot	O
stand	O
komen	O
.	O
Uitzonderingen	O
daarop	O
zijn	O
alleen	O
gerechtvaardigd	O
als	O
de	O
wet	O
daarin	O
voorziet	O
.	O
In	O
de	O
volgende	O
paragrafen	O
zal	O
ik	O
kort	O
ingaan	O
op	O
uw	O
advies	O
en	O
welke	O
verbeteringen	O
ik	O
aanbreng	O
.	O
Een	O
deel	O
van	O
deze	O
verbeteringen	O
is	O
al	O
in	O
gang	O
gezet	O
.	O
Ik	O
zal	O
eerst	O
ingaan	O
op	O
uw	O
advies	O
om	O
in	O
overleg	O
te	O
treden	O
met	O
journalisten	O
en	O
het	O
aanpassen	O
van	O
onze	O
werkwijze	O
,	O
daarna	O
zal	O
ik	O
ingaan	O
op	O
de	O
toepassing	O
van	O
artikel	O
5.1.2i	O
Woo	O
en	O
als	O
laatste	O
zal	O
ik	O
ingaan	O
op	O
uw	O
advies	O
over	O
maximale	O
transparantie	O
over	O
onze	O
werkwijze	O
.	O
Advies	O
1	O
)	O
overleg	O
met	O
journalisten	O
en	O
aanpassing	O
werkwijze	O
Overleg	O
met	O
journalisten	O
In	O
uw	O
advies	O
van	O
5	O
april	O
2023	O
beveelt	O
u	O
aan	O
om	O
alsnog	O
in	O
overleg	O
te	O
treden	O
met	O
de	O
journalistieke	O
beroepsgroep	O
en	O
om	O
onze	O
gefaseerde	O
werkwijze	O
aan	O
te	O
passen	O
.	O
Journalisten	O
moeten	O
weer	O
hun	O
belangrijke	O
rol	O
in	O
de	O
democratie	O
kunnen	O
vervullen	O
.	O
Ik	O
begrijp	O
deze	O
oproep	O
en	O
onderschrijf	O
deze	O
.	O
Op	O
25	O
april	O
2023	O
is	O
er	O
een	O
bijeenkomst	O
gehouden	O
op	O
het	O
ministerie	O
van	O
VWS	O
voor	O
alle	O
journalisten	O
die	O
Woo-verzoeken	O
hebben	O
ingediend	O
.	O
9	O
journalisten	O
zijn	O
op	O
de	O
uitnodiging	O
ingegaan	O
.	O
Bij	O
de	O
bijeenkomst	O
is	O
van	O
gedachten	O
gewisseld	O
over	O
mogelijke	O
prioritering	O
van	O
onderwerpen	O
en	O
de	O
wijze	O
waarop	O
een	O
dergelijke	O
prioritering	O
tot	O
stand	O
kan	O
komen	O
.	O
Ook	O
is	O
de	O
vertrouwelijke	O
voorinzage	O
besproken	O
.	O
Veel	O
van	O
wat	O
is	O
besproken	O
,	O
raakt	O
ook	O
aan	O
uw	O
advies	O
.	O
Daarnaast	O
is	O
het	O
afgelopen	O
jaar	O
het	O
contact	O
met	O
Woo-verzoekers	O
geïntensiveerd	O
,	O
onder	O
andere	O
door	O
bij	O
de	O
ontvangst	O
van	O
nieuwe	O
Woo-verzoeken	O
met	O
verzoekers	O
de	O
reikwijdte	O
en	O
de	O
afhandeling	O
van	O
hun	O
verzoek	O
te	O
bespreken	O
.	O
Secretaris	O
Generaal	O
/	O
plv.	O
Secretaris	B-PER
Generaal	O
Programmadirectie	O
Openbaarheid	O
Team	O
F	O
Kenmerk	O
3598473-1048681-PDO	O
Pagina	O
3	O
van	O
1	O
Naar	O
aanleiding	O
van	O
deze	O
bijeenkomst	O
worden	O
nog	O
deze	O
maand	O
de	O
volgende	O
stappen	O
ondernomen	O
:	O
Het	O
ministerie	O
spant	O
zich	O
in	O
om	O
Woo-verzoeken	O
van	O
journalisten	O
versneld	O
af	O
te	O
handelen	O
.	O
Journalisten	O
zullen	O
in	O
dat	O
kader	O
worden	O
gevraagd	O
welke	O
informatie	O
zij	O
als	O
eerste	O
zouden	O
willen	O
hebben	O
.	O
Aan	O
de	O
hand	O
van	O
de	O
reacties	O
zal	O
bekeken	O
worden	O
of	O
het	O
mogelijk	O
is	O
prioritering	O
aan	O
te	O
brengen	O
in	O
de	O
opgevraagde	O
informatie	O
,	O
waarbij	O
de	O
meest	O
gevraagde	O
informatie	O
eerst	O
wordt	O
behandeld	O
.	O
Dat	O
zal	O
in	O
overleg	O
met	O
de	O
journalisten	O
worden	O
gedaan	O
.	O
In	O
juni	O
zal	O
hiervoor	O
een	O
volgende	O
bijeenkomst	O
worden	O
ingepland	O
.	O
Mogelijk	O
heeft	O
dit	O
niet	O
voor	O
iedereen	O
het	O
gewenste	O
resultaat	O
:	O
wat	O
prioriteit	O
voor	O
de	O
één	O
heeft	O
,	O
heeft	O
immers	O
niet	O
automatisch	O
ook	O
prioriteit	O
voor	O
de	O
ander	O
.	O
Ook	O
met	O
andere	O
verzoekers	O
zal	O
contact	O
worden	O
opgenomen	O
.	O
Tijdens	O
de	O
bijeenkomst	O
kwam	O
naar	O
voren	O
dat	O
een	O
aantal	O
ingediende	O
verzoeken	O
achterhaald	O
bleek	O
en	O
ingetrokken	O
kon	O
worden	O
.	O
Door	O
achterhaalde	O
verzoeken	O
eruit	O
te	O
filteren	O
kan	O
worden	O
gefocust	O
op	O
de	O
verzoeken	O
die	O
er	O
nu	O
nog	O
toe	O
doen	O
.	O
Het	O
ministerie	O
gaat	O
meer	O
gebruik	O
maken	O
van	O
de	O
vertrouwelijke	O
inzage	O
.	O
Het	O
vergt	O
,	O
zoals	O
u	O
terecht	O
heeft	O
opgemerkt	O
,	O
een	O
band	O
waarbij	O
partijen	O
over	O
en	O
weer	O
erop	O
kunnen	O
vertrouwen	O
dat	O
geheimhouding	O
gerespecteerd	O
zal	O
worden	O
.	O
Deze	O
band	O
is	O
nog	O
niet	O
met	O
elke	O
journalist	O
opgebouwd	O
en	O
niet	O
elke	O
journalist	O
staat	O
hier	O
ook	O
voor	O
open	O
.	O
In	O
samenspraak	O
met	O
journalisten	O
zal	O
onderzocht	O
worden	O
in	O
welke	O
gevallen	O
de	O
vertrouwelijke	O
inzage	O
zinvol	O
kan	O
worden	O
ingezet	O
en	O
hoe	O
deze	O
vorm	O
gegeven	O
kan	O
worden	O
ter	O
versnelling	O
van	O
de	O
openbaarmaking	O
van	O
documenten	O
.	O
Overzicht	O
website	O
(	O
s	O
)	O
In	O
uw	O
advies	O
verzoekt	O
u	O
ons	O
ook	O
de	O
website	O
(	O
s	O
)	O
te	O
verbeteren	O
met	O
als	O
doel	O
:	O
ervoor	O
zorgen	O
dat	O
alle	O
huidige	O
én	O
nieuwe	O
verzoekers	O
kunnen	O
zien	O
wat	O
al	O
is	O
gepubliceerd	O
,	O
en	O
wat	O
er	O
nog	O
aankomt	O
.	O
Reeds	O
gepubliceerde	O
documenten	O
moeten	O
beter	O
doorzoekbaar	O
worden	O
.	O
Op	O
dit	O
moment	O
wordt	O
gewerkt	O
aan	O
het	O
opbouwen	O
van	O
een	O
nieuwe	O
website	O
.	O
We	O
bevinden	O
ons	O
in	O
fase	O
1	O
waarin	O
zal	O
worden	O
nagedacht	O
over	O
wat	O
er	O
precies	O
allemaal	O
op	O
de	O
website	O
moet	O
komen	O
.	O
Deze	O
fase	O
zal	O
duren	O
tot	O
juni	O
2023	O
.	O
Tijdens	O
fase	O
1	O
zal	O
input	O
over	O
de	O
bruikbaarheid	O
van	O
de	O
website	O
opgehaald	O
worden	O
bij	O
verzoekers	O
.	O
Vanaf	O
juni	O
gaan	O
we	O
over	O
tot	O
fase	O
2	O
waarin	O
de	O
website	O
zal	O
worden	O
gebouwd	O
.	O
Het	O
is	O
de	O
bedoeling	O
dat	O
er	O
begin	O
september	O
2023	O
een	O
website	O
staat	O
waar	O
documenten	O
van	O
nieuwe	O
besluiten	O
op	O
kunnen	O
worden	O
gepubliceerd	O
.	O
Gaandeweg	O
zullen	O
ook	O
oude	O
documenten	O
op	O
deze	O
website	O
worden	O
geladen	O
.	O
Deze	O
website	O
zal	O
dan	O
nog	O
worden	O
verfijnd	O
.	O
Afspraken	O
andere	O
partijen	O
Tot	O
slot	O
adviseert	O
u	O
algemene	O
afspraken	O
te	O
maken	O
met	O
andere	O
ministeries	O
en	O
met	O
andere	O
direct	O
bij	O
de	O
COVID-pandemie	O
betrokken	O
bestuursorganen	O
en	O
externe	O
betrokken	O
partijen	O
te	O
maken	O
over	O
openbaarmaking	O
,	O
zodat	O
Woo-verzoeken	O
sneller	O
-	O
zonder	O
hun	O
bezwaren	O
af	O
te	O
hoeven	O
wachten	O
-	O
kunnen	O
worden	O
behandeld	O
.	O
Het	O
maken	O
van	O
dergelijke	O
algemene	O
afspraken	O
om	O
het	O
proces	O
te	O
versnellen	O
is	O
naar	O
mijn	O
mening	O
in	O
strijd	O
met	O
de	O
zorgvuldigheid	O
die	O
de	O
Woo	O
van	O
ons	O
vereist	O
.	O
Artikel	O
4.4	O
,	O
derde	O
lid	O
,	O
van	O
de	O
Woo	O
verplicht	O
een	O
bestuursorgaan	O
uit	O
oogpunt	O
van	O
zorgvuldigheid	O
belanghebbenden	O
in	O
de	O
gelegenheid	O
te	O
stellen	O
een	O
zienswijze	O
naar	O
voren	O
te	O
brengen	O
.	O
Deze	O
belanghebbenden	O
mag	O
ik	O
niet	O
passeren	O
met	O
algemene	O
afspraken	O
.	O
Secretaris	O
Generaal	O
/	O
plv.	O
Secretaris	B-PER
Generaal	O
Programmadirectie	O
Openbaarheid	O
Team	O
F	O
Kenmerk	O
3598473-1048681-PDO	O
Pagina	O
4	O
van	O
1	O
Advies	O
2	O
)	O
over	O
de	O
toepassing	O
van	O
de	O
i-grond	O
Algemeen	O
Uw	O
tweede	O
punt	O
in	O
het	O
advies	O
ziet	O
op	O
de	O
toepassing	O
van	O
de	O
i-grond	O
.	O
U	O
adviseert	O
de	O
weigeringsgrond	O
van	O
artikel	O
5.1	O
,	O
tweede	O
lid	O
,	O
onder	O
i	O
,	O
van	O
de	O
Woo	O
(	O
hierna	O
:	O
de	O
i-	O
grond	O
)	O
,	O
ter	O
bescherming	O
van	O
het	O
goed	O
functioneren	O
van	O
de	O
Staat	O
,	O
spaarzaam	O
toe	O
te	O
passen	O
.	O
Ik	O
onderschrijf	O
het	O
belang	O
van	O
het	O
zorgvuldig	O
toepassen	O
van	O
deze	O
weigeringsgrond	O
.	O
Inderdaad	O
worden	O
veel	O
documenten	O
geheel	O
of	O
gedeeltelijk	O
geweigerd	O
vanwege	O
de	O
toepassing	O
van	O
de	O
i-grond	O
.	O
Deze	O
toepassing	O
blijkt	O
niet	O
in	O
alle	O
gevallen	O
terecht	O
.	O
Zoals	O
eerder	O
genoemd	O
blijft	O
het	O
beoordelen	O
van	O
de	O
documenten	O
arbeidsintensief	O
.	O
Het	O
beoordelen	O
gebeurt	O
niet	O
foutloos	O
.	O
Ik	O
zie	O
wel	O
ruimte	O
voor	O
verbetering	O
en	O
zet	O
de	O
komende	O
periode	O
in	O
op	O
een	O
intensievere	O
begeleiding	O
en	O
opleiding	O
van	O
de	O
juristen	O
.	O
Huidige	O
controles	O
worden	O
getoetst	O
en	O
waar	O
nodig	O
verbeterd	O
.	O
Daarnaast	O
zal	O
op	O
de	O
inventarislijst	O
bij	O
documenten	O
die	O
geheel	O
of	O
gedeeltelijk	O
zijn	O
geweigerd	O
onder	O
toepassing	O
van	O
de	O
i-grond	O
,	O
zo	O
spoedig	O
mogelijk	O
een	O
verduidelijking	O
komen	O
te	O
staan	O
van	O
deze	O
weigering	O
.	O
De	O
ministeries	O
binnen	O
de	O
Rijksoverheid	O
hebben	O
gezamenlijk	O
voor	O
alle	O
collega's	O
van	O
het	O
Rijk	O
een	O
Woo-instructie	O
gemaakt	O
.	O
Het	O
is	O
van	O
belang	O
dat	O
elk	O
ministerie	O
deze	O
instructie	O
in	O
acht	O
neemt	O
.	O
Op	O
deze	O
manier	O
wordt	O
geborgd	O
dat	O
Woo-verzoeken	O
bij	O
de	O
Rijksoverheid	O
op	O
dezelfde	O
manier	O
worden	O
behandeld	O
.	O
De	O
Rijksbrede	O
Woo-instructie	O
is	O
in	O
lijn	O
met	O
de	O
Woo	O
en	O
geldende	O
jurisprudentie	O
van	O
de	O
Afdeling	O
Bestuursrechtspraak	O
van	O
de	O
Raad	O
van	O
State	O
.	O
Daarbij	O
heeft	O
het	O
ministerie	O
van	O
VWS	O
met	O
het	O
ministerie	O
van	O
Binnenlandse	O
Zaken	O
de	O
juiste	O
toepassing	O
en	O
interpretatie	O
van	O
de	O
i-grond	O
besproken	O
ter	O
extra	O
waarborg	O
van	O
een	O
juiste	O
toepassing	O
in	O
de	O
Woo-	O
praktijk	O
.	O
Ik	O
merk	O
hierbij	O
op	O
dat	O
bij	O
de	O
afhandeling	O
van	O
corona-gerelateerde	O
Woo-verzoeken	O
de	O
i-grond	O
uitsluitend	O
wordt	O
toepast	O
in	O
gevallen	O
waarin	O
vertrouwelijkheid	O
voor	O
een	O
langere	O
tijd	O
noodzakelijk	O
is	O
.	O
Van	O
de	O
mogelijkheid	O
van	O
een	O
tijdelijke	O
afwijzing	O
waaraan	O
u	O
in	O
uw	O
advies	O
refereert	O
heeft	O
het	O
ministerie	O
van	O
VWS	O
derhalve	O
geen	O
gebruik	O
gemaakt	O
.	O
Dit	O
blijkt	O
ook	O
uit	O
het	O
gegeven	O
dat	O
bij	O
de	O
afhandeling	O
van	O
deze	O
Woo-verzoeken	O
de	O
stukken	O
worden	O
geïnventariseerd	O
en	O
beoordeeld	O
.	O
In	O
geval	O
van	O
een	O
tijdelijke	O
afwijzing	O
hangende	O
een	O
crisis	O
zou	O
dat	O
pas	O
na	O
afloop	O
van	O
de	O
crisis	O
gedaan	O
worden	O
.	O
Dit	O
is	O
niet	O
aan	O
de	O
orde	O
.	O
Ik	O
zal	O
hieronder	O
eerst	O
ingaan	O
op	O
de	O
omgang	O
met	O
concepten	O
.	O
Daarna	O
zal	O
ik	O
ingaan	O
op	O
de	O
omgang	O
met	O
OMT-documenten	O
en	O
andere	O
wetenschappelijke	O
documenten	O
van	O
het	O
RIVM	O
.	O
Concepten	O
In	O
uw	O
advies	O
roept	O
u	O
op	O
om	O
meer	O
concepten	O
al	O
dan	O
niet	O
gedeeltelijk	O
openbaar	O
te	O
maken	O
en	O
in	O
het	O
bijzonder	O
om	O
bij	O
concepten	O
een	O
nadere	O
toelichting	O
te	O
geven	O
(	O
dat	O
de	O
informatie	O
niet	O
noodzakelijk	O
juist	O
of	O
volledig	O
is	O
)	O
en	O
te	O
verwijzen	O
naar	O
documenten	O
die	O
wel	O
de	O
juiste	O
informatie	O
bevatten	O
.	O
Dit	O
onderdeel	O
van	O
uw	O
advies	O
neem	O
ik	O
niet	O
over	O
.	O
In	O
de	O
fase	O
waarin	O
het	O
besluit	O
nog	O
vorm	O
moet	O
krijgen	O
,	O
moet	O
er	O
ruimte	O
zijn	O
om	O
concepten	O
en	O
gedachten	O
met	O
elkaar	O
uit	O
te	O
wisselen	O
.	O
Dit	O
belang	O
weeg	O
ik	O
zwaarder	O
dan	O
het	O
belang	O
van	O
openbaarmaking	O
.	O
Het	O
ministerie	O
van	O
VWS	O
volgt	O
hierbij	O
de	O
Rijksbrede	O
Woo-instructie	O
.	O
Artikel	O
2.4	O
,	O
vijfde	O
lid	O
,	O
van	O
de	O
Woo	O
is	O
opgenomen	O
ter	O
voorkoming	O
van	O
desinformatie	O
in	O
situaties	O
waarin	O
overheidsorganen	O
willens	O
en	O
wetens	O
minder	O
betrouwbare	O
informatie	O
naar	O
buiten	O
brengen	O
als	O
ware	O
deze	O
juist	O
en	O
volledig	O
.	O
Deze	O
bepaling	O
is	O
derhalve	O
niet	O
geschreven	O
om	O
stukken	O
openbaar	O
te	O
maken	O
die	O
op	O
grond	O
van	O
weigeringsgronden	O
in	O
de	O
Woo	O
vertrouwelijke	O
behandeling	O
rechtvaardigen	O
.	O
Het	O
Secretaris	B-PER
Generaal	O
/	O
plv.	O
Secretaris	B-PER
Generaal	O
Programmadirectie	O
Openbaarheid	O
Team	O
F	E-PER
Kenmerk	O
3598473-1048681-PDO	O
Pagina	O
5	O
van	O
1	O
bieden	O
van	O
dergelijke	O
contextinformatie	O
past	O
enkel	O
in	O
uitzonderingssituaties	O
.	O
Met	O
het	O
toepassen	O
van	O
artikel	O
2.4	O
,	O
vijfde	O
lid	O
,	O
van	O
de	O
Woo	O
in	O
algemene	O
zin	O
zou	O
afbreuk	O
worden	O
gedaan	O
aan	O
het	O
hogere	O
belang	O
dat	O
er	O
in	O
vertrouwelijke	O
setting	O
gedachten	O
gevormd	O
en	O
uitgewisseld	O
moeten	O
kunnen	O
worden	O
.	O
Documenten	O
OMT	O
en	O
andere	O
voorbereidende	O
wetenschappelijke	O
documenten	O
Ook	O
adviseert	O
u	O
om	O
de	O
weigering	O
van	O
voorbereidende	O
documenten	O
van	O
het	O
OMT	O
te	O
heroverwegen	O
,	O
in	O
ieder	O
geval	O
informatie	O
over	O
(	O
de	O
ontwikkeling	O
van	O
)	O
de	O
werkwijze	O
,	O
prognoses	O
en	O
scenario's	O
,	O
ook	O
nu	O
de	O
crisissfeer	O
is	O
geweken	O
.	O
Ik	O
begrijp	O
uw	O
wens	O
,	O
maar	O
het	O
belang	O
van	O
het	O
functioneren	O
van	O
het	O
OMT	O
,	O
en	O
daarmee	O
de	O
Staat	O
,	O
weegt	O
mijns	O
inziens	O
zwaarder	O
dan	O
het	O
belang	O
van	O
openbaarmaking	O
van	O
deze	O
documenten	O
.	O
In	O
dit	O
verband	O
verwijs	O
ik	O
ook	O
naar	O
de	O
Kamerbrief	O
van	O
9	O
oktober	O
2022	O
waarin	O
ik	O
het	O
belang	O
van	O
vertrouwelijkheid	O
van	O
OMT-audiofragmenten	O
heb	O
benadrukt	O
.	O
'	O
Het	O
OMT	O
kan	O
alleen	O
goed	O
functioneren	O
,	O
wanneer	O
er	O
sprake	O
is	O
van	O
absolute	O
vertrouwelijkheid	O
.	O
Absolute	O
vertrouwelijkheid	O
is	O
om	O
de	O
volgende	O
redenen	O
noodzakelijk	O
:	O
Deskundigen	O
moeten	O
vrijelijk	O
vanuit	O
inhoudelijk	O
perspectief	O
kunnen	O
discussiëren	O
en	O
soms	O
zelfs	O
controversiële	O
standpunten	O
naar	O
voren	O
kunnen	O
brengen	O
,	O
zonder	O
daarop	O
elders	O
aangesproken	O
te	O
kunnen	O
worden	O
.	O
OMT-beraad	O
vindt	O
plaats	O
onder	O
hoge	O
druk	O
.	O
Bij	O
een	O
regio-overstijgende	O
uitbraak	O
van	O
een	O
infectieziekte	O
of	O
een	O
internationale	O
dreiging	O
van	O
een	O
infectieziekte	O
moet	O
op	O
korte	O
termijn	O
en	O
soms	O
op	O
basis	O
van	O
zeer	O
beperkte	O
gegevens	O
een	O
zo	O
goed	O
mogelijk	O
medisch-epidemiologisch	O
advies	O
worden	O
opgesteld	O
.	O
Wanneer	O
absolute	O
vertrouwelijkheid	O
niet	O
kan	O
worden	O
gegarandeerd	O
,	O
zal	O
deelname	O
aan	O
het	O
OMT	O
en	O
eventuele	O
toekomstige	O
adviescolleges	O
afnemen	O
.	O
Hierdoor	O
komt	O
het	O
gehele	O
systeem	O
van	O
uitbraak-	O
en	O
epidemiebestrijding	O
op	O
losse	O
schroeven	O
te	O
staan	O
.	O
Dit	O
kan	O
ernstige	O
gevolgen	O
hebben	O
voor	O
de	O
volksgezondheid	O
en	O
veiligheid	O
van	O
burgers	O
bij	O
deze	O
of	O
een	O
volgende	O
infectieziektecrisis	O
.	O
Het	O
belang	O
van	O
deze	O
vertrouwelijkheid	O
weegt	O
daarom	O
ook	O
nu	O
nog	O
zwaarder	O
dan	O
het	O
belang	O
van	O
openbaarmaking	O
van	O
de	O
documenten	O
.	O
Daarnaast	O
adviseert	O
u	O
om	O
voorbereidende	O
wetenschappelijke	O
stukken	O
openbaar	O
te	O
maken	O
.	O
Voorbereidende	O
stukken	O
zijn	O
veelal	O
concepten	O
of	O
zijn	O
doorvlochten	O
van	O
wetenschappelijk	O
beraad	O
waar	O
OMT-leden	O
bij	O
betrokken	O
zijn	O
.	O
Ook	O
voor	O
deze	O
documenten	O
dringt	O
u	O
aan	O
op	O
toepassing	O
van	O
artikel	O
2.4	O
,	O
vijfde	O
lid	O
,	O
van	O
de	O
Woo	O
.	O
Wetenschappers	O
moeten	O
in	O
voorbereiding	O
van	O
het	O
advies	O
vanuit	O
inhoudelijk	O
perspectief	O
kunnen	O
discussiëren	O
en	O
onder	O
hoge	O
druk	O
vrij	O
met	O
elkaar	O
van	O
gedachten	O
kunnen	O
wisselen	O
.	O
Dit	O
belang	O
weegt	O
zwaarder	O
dan	O
het	O
belang	O
van	O
openbaarmaking	O
.	O
Ik	O
zie	O
ook	O
voor	O
deze	O
situatie	O
geen	O
reden	O
om	O
artikel	O
2.4	O
,	O
vijfde	O
lid	O
,	O
van	O
de	O
Woo	O
toe	O
te	O
passen	O
.	O
Met	O
het	O
toepassen	O
van	O
artikel	O
2.4	O
,	O
vijfde	O
lid	O
,	O
van	O
de	O
Woo	O
in	O
algemene	O
zin	O
zou	O
afbreuk	O
worden	O
gedaan	O
aan	O
het	O
hogere	O
belang	O
dat	O
wetenschappers	O
in	O
vrijheid	O
en	O
onder	O
absolute	O
vertrouwelijkheid	O
kritisch	O
van	O
gedachten	O
kunnen	O
wisselen	O
.	O
Advies	O
3	O
)	O
over	O
maximale	O
transparantie	O
over	O
motieven	O
voor	O
vertrouwelijkheid	O
Uw	O
derde	O
advies	O
ziet	O
op	O
het	O
maximaal	O
transparant	O
zijn	O
over	O
motieven	O
voor	O
vertrouwelijkheid	O
.	O
Daartoe	O
dringt	O
u	O
aan	O
op	O
een	O
betere	O
motivering	O
van	O
(	O
deel	O
)	O
besluiten	O
,	O
vooral	O
wanneer	O
de	O
openbaarmaking	O
van	O
een	O
document	O
integraal	O
wordt	O
geweigerd	O
.	O
Verder	O
pleit	O
u	O
voor	O
het	O
publiceren	O
van	O
relevante	O
beleidslijnen	O
,	O
werkinstructies	O
en	O
afspraken	O
over	O
vertrouwelijkheid	O
met	O
OMT-leden	O
,	O
en	O
voor	O
een	O
1	O
Kamerbrief	O
Audiobestanden	O
OMT-vergaderingen	O
19	O
oktober	O
2022	O
.	O
Secretaris	O
Generaal	O
/	O
plv.	O
Secretaris	B-PER
Generaal	O
Programmadirectie	O
Openbaarheid	O
Team	O
F	O
Kenmerk	O
3598473-1048681-PDO	O
Pagina	O
6	O
van	O
1	O
helpdesk	O
of	O
contactpersoon	O
voor	O
vragen	O
van	O
Woo-verzoekers	O
(	O
over	O
de	O
motivering	O
van	O
besluiten	O
)	O
.	O
Ik	O
ben	O
voor	O
transparantie	O
over	O
motieven	O
voor	O
vertrouwelijkheid	O
.	O
De	O
genomen	O
besluiten	O
bevatten	O
een	O
toelichting	O
op	O
waarom	O
bepaalde	O
informatie	O
niet	O
openbaar	O
wordt	O
gemaakt	O
.	O
Vanwege	O
het	O
grote	O
aantal	O
documenten	O
dat	O
daarmee	O
is	O
gemoeid	O
,	O
doen	O
we	O
dit	O
kort	O
en	O
bondig	O
per	O
categorie	O
documenten	O
en	O
werken	O
met	O
inventarislijsten	O
waarin	O
weigeringsgronden	O
terug	O
te	O
vinden	O
zijn	O
.	O
In	O
gesprek	O
met	O
journalisten	O
en	O
andere	O
verzoekers	O
brengen	O
we	O
verbeteringen	O
aan	O
in	O
inventarislijsten	O
bij	O
besluiten	O
.	O
Zo	O
worden	O
de	O
vindplaatsen	O
van	O
reeds	O
openbare	O
documenten	O
inmiddels	O
opgenomen	O
op	O
de	O
inventarislijst	O
en	O
zullen	O
de	O
i-gronden	O
nader	O
worden	O
gemotiveerd	O
.	O
Een	O
compacte	O
toelichting	O
op	O
de	O
werkwijze	O
is	O
te	O
vinden	O
op	O
de	O
webpagina	O
:	O
https://www.rijksoverheid.nliministeries/ministerie-van-volksgezondheid-welzijn-	O
en-sport/aanpak-vws-woo-verzoeken-corona	O
.	O
Ik	O
zal	O
onderzoeken	O
of	O
deze	O
website	O
(	O
of	O
de	O
eerder	O
in	O
deze	O
reactie	O
genoemde	O
nieuwe	O
website	O
)	O
benut	O
kan	O
worden	O
om	O
de	O
transparantie	O
over	O
onze	O
werkwijze	O
,	O
en	O
belangrijke	O
besluiten	O
te	O
vergroten	O
.	O
De	O
publicatie	O
van	O
eerder	O
gemaakte	O
afspraken	O
en	O
praktische	O
handreikingen	O
draagt	O
mijns	O
inziens	O
niet	O
bij	O
aan	O
transparantie	O
,	O
omdat	O
deze	O
stukken	O
geen	O
volledig	O
beeld	O
geven	O
van	O
de	O
werkwijze	O
en	O
beoordeling	O
door	O
mijn	O
ministerie	O
.	O
De	O
handreikingen	O
zijn	O
in	O
de	O
loop	O
der	O
tijd	O
sterk	O
gewijzigd	O
en	O
nog	O
steeds	O
aan	O
verandering	O
onderhevig	O
vanwege	O
de	O
opbouw	O
en	O
voortdurende	O
leercurve	O
van	O
de	O
organisatie	O
.	O
Uw	O
advies	O
over	O
een	O
helpdesk	O
of	O
contactpersoon	O
neem	O
ik	O
ter	O
harte	O
.	O
Ik	O
zal	O
een	O
centraal	O
punt	O
instellen	O
waar	O
vandaan	O
verzoekers	O
doorgeleid	O
worden	O
naar	O
de	O
juiste	O
persoon	O
,	O
die	O
meer	O
inzicht	O
kan	O
geven	O
in	O
de	O
motivering	O
van	O
onze	O
besluiten	O
.	O
Verzoekers	O
kunnen	O
daarnaast	O
altijd	O
contact	O
opnemen	O
met	O
de	O
programmadirectie	O
Openbaarheid	O
via	O
_dienstpostbusWoo-corona-ondersteuning@nninvws.nl	O
.	O
Secretaris	O
Generaal	O
/	O
plv.	O
Secretaris	B-PER
Generaal	O
Programmadirectie	O
Openbaarheid	O
Team	O
F	E-PER
Kenmerk	O
3598473-1048681-PDO	O
Pagina	O
7	O
van	O
1	O
Tot	O
slot	O
'	O
Openbaarheid	O
tenzij	O
'	O
is	O
iets	O
waar	O
het	O
ministerie	O
van	O
VWS	O
zich	O
elke	O
dag	O
voor	O
inzet	O
.	O
De	O
komende	O
tijd	O
zet	O
ik	O
in	O
op	O
verdere	O
intensivering	O
van	O
het	O
contact	O
met	O
journalisten	O
en	O
andere	O
verzoekers	O
voor	O
een	O
verbetering	O
van	O
de	O
informatievoorziening	O
en	O
meer	O
wederzijds	O
begrip	O
.	O
Daarnaast	O
zet	O
ik	O
in	O
op	O
een	O
intensivering	O
van	O
de	O
begeleiding	O
en	O
opleiding	O
van	O
Woo-juristen	O
en	O
op	O
meer	O
transparantie	O
over	O
motieven	O
voor	O
vertrouwelijkheid	O
.	O
De	O
uitdaging	O
waar	O
het	O
ministerie	O
van	O
VWS	O
voor	O
staat	O
is	O
groot	O
,	O
maar	O
ik	O
vertrouw	O
erop	O
dat	O
met	O
deze	O
verbeteringen	O
de	O
goede	O
weg	O
is	O
ingeslagen	O
.	O
Ik	O
zal	O
u	O
op	O
de	O
hoogte	O
houden	O
van	O
nadere	O
ontwikkelingen	O
en	O
verbeteringen	O
.	O
Hoogachtend	O
,	O
de	O
minister	O
van	O
Volksgezondheid	O
,	O
Welzijn	O
en	O
Sport	O
,	O
Secretaris	O
Generaal	O
/	O
plv.	O
Secretaris	O
Generaal	O
Programmadirectie	O
Openbaarheid	O
Team	O
F	O
Kenmerk	O
3598473-1048681-PDO	O
Ernst	B-PER
Kuipers	E-PER
Pagina	O
8	O
van	O
1	O
