2	O
0	O
2	O
2	O
NOTULEN	O
VERGADERING	O
GEMEENTERAAD	O
UTRECHT	O
13e	O
vergadering	O
-	O
15	O
september	O
2022	O
Vergadering	O
van	O
de	O
gemeenteraad	O
,	O
gehouden	O
op	O
donderdag	O
15	O
september	O
2022	O
te	O
10.00	O
uur	O
.	O
B_	O
:	O
mevrouw	O
Dijksma	S-PER
,	O
burgemeester	O
,	O
afgewisseld	O
door	O
de	O
heer	O
Zwanenberg	S-PER
.	O
Aanwezig	O
zijn	O
de	O
leden	O
:	O
Assen	S-PER
,	O
Al-Saqaff	S-PER
,	O
Bakker	S-PER
,	O
Bode	S-PER
,	O
Bosch	S-PER
,	O
Chirino	S-PER
,	O
Dada-Anthonij	S-PER
,	O
Dekkers	S-PER
,	O
Deldjou	B-PER
Fard	E-PER
,	O
Dijkstra	S-PER
,	O
Fattal	S-PER
,	O
Heijne	S-PER
,	O
Hellevoort	S-PER
,	O
Hessel	S-PER
,	O
Van	B-PER
Heuven	E-PER
,	O
Te	B-PER
Hoonte	E-PER
,	O
Hornsveld	S-PER
,	O
Kendir	S-PER
,	O
Kleinrensink	S-PER
,	O
Koning	S-PER
,	O
Maas	S-PER
,	O
Meerding	S-PER
,	O
Nolten	S-PER
,	O
Oudejans	S-PER
,	O
De	B-PER
Pagter	E-PER
,	O
Passier	S-PER
,	O
Peters	S-PER
,	O
Ramaker	S-PER
,	O
Raaijmakers	S-PER
,	O
Sasbrink	S-PER
,	O
Snippe	S-PER
,	O
Van	B-PER
Steeg	E-PER
,	O
Stellinga	S-PER
,	O
Stylianou	S-PER
,	O
Sungur	S-PER
,	O
Vasters	S-PER
,	O
Vermeulen	S-PER
,	O
Van	B-PER
Vliet	E-PER
,	O
Van	B-PER
der	I-PER
Wilt	E-PER
,	O
Zwanenberg	S-PER
,	O
Van	B-PER
der	I-PER
Zweth	E-PER
en	O
Zwinkels	S-PER
.	O
Afwezig	O
zijn	O
de	O
leden	O
:	O
Bos	S-PER
,	O
Van	B-PER
der	I-PER
Graaf	E-PER
en	O
Talhaoui	S-PER
.	O
Aanwezig	O
zijn	O
de	O
wethouders	O
:	O
Eerenberg	S-PER
,	O
Van	B-PER
Hooijdonk	E-PER
,	O
Oosters	S-PER
,	O
Schilderman	S-PER
,	O
Streefland	S-PER
en	O
De	B-PER
Vries	E-PER
.	O
Tevens	O
aanwezig	O
:	O
de	O
heren	O
Venhoeven	S-PER
(	O
voorzitter	O
Rekenkamer	O
)	O
en	O
Keulen	S-PER
(	O
lid	O
Rekenkamer	O
)	O
.	O
Griffier	O
:	O
mevrouw	O
Van	B-PER
Hall	E-PER
.	O
1.	O
Opening	O
en	O
mededelingen	O
.	O
De	O
voorzitter	O
opent	O
de	O
vergadering	O
en	O
heet	O
de	O
aanwezigen	O
welkom	O
,	O
ook	O
de	O
mensen	O
die	O
thuis	O
meekijken	O
.	O
Tijdens	O
de	O
middagschorsing	O
,	O
rond	O
13.00	O
uur	O
,	O
zal	O
de	O
presentatie	O
van	O
de	O
Programmabegroting	O
2023	O
plaatsvinden	O
in	O
de	O
hal	O
van	O
het	O
stadhuis	O
.	O
Iedereen	O
is	O
daar	O
uiteraard	O
van	O
harte	O
bij	O
uitgenodigd	O
.	O
Bericht	O
van	O
verhindering	O
is	O
ingekomen	O
van	O
de	O
leden	O
Talhoui	S-PER
,	O
Van	B-PER
der	I-PER
Graaf	E-PER
en	O
Bos	S-PER
.	O
Namens	O
de	O
raad	O
wil	O
zij	O
de	O
heer	O
Bos	S-PER
heel	O
veel	O
sterkte	O
wensen	O
met	O
het	O
verlies	O
van	O
zijn	O
vader	O
,	O
tevens	O
fractiemedewerker	O
van	O
Stadsbelang	O
Utrecht	O
,	O
Hein	B-PER
Bos.	E-PER
2.	O
Vaststelling	O
agenda	O
.	O
De	O
agenda	O
.	O
De	O
voorzitter	O
opent	O
de	O
vergadering	O
en	O
heet	O
de	O
aanwezigen	O
welkom	O
,	O
ook	O
de	O
mensen	O
die	O
thuis	O
meekijken	O
.	O
Tijdens	O
de	O
middagschorsing	O
,	O
rond	O
13.00	O
uur	O
,	O
zal	O
de	O
presentatie	O
van	O
de	O
Programmabegroting	O
2023	O
plaatsvinden	O
in	O
de	O
hal	O
van	O
het	O
stadhuis	O
.	O
Iedereen	O
is	O
daar	O
uiteraard	O
van	O
harte	O
bij	O
uitgenodigd	O
.	O
Bericht	O
van	O
verhindering	O
is	O
ingekomen	O
van	O
de	O
leden	O
Talhoui	S-PER
,	O
Van	B-PER
der	I-PER
Graaf	E-PER
en	O
Bos	S-PER
.	O
Namens	O
de	O
raad	O
wil	O
zij	O
de	O
heer	O
Bos	S-PER
heel	O
veel	O
sterkte	O
wensen	O
met	O
het	O
verlies	O
van	O
zijn	O
vader	O
,	O
tevens	O
fractiemedewerker	O
van	O
Stadsbelang	O
Utrecht	O
,	O
Hein	B-PER
Bos.	E-PER
2.	O
Vaststelling	O
agenda	O
.	O
De	O
agenda	O
wordt	O
zonder	O
stemming	O
ongewijzigd	O
vastgesteld	O
.	O
3.	O
Ingekomen	O
stukken	O
.	O
Raadsvergadering	O
van	O
15	O
september	O
2022	O
2	O
Met	O
betrekking	O
tot	O
de	O
ingekomen	O
stukken	O
wordt	O
zonder	O
stemming	O
besloten	O
overeenkomstig	O
hetgeen	O
daaromtrent	O
is	O
voorgesteld	O
.	O
De	O
voorzitter	O
merkt	O
op	O
dat	O
men	O
onder	O
de	O
ingekomen	O
stukken	O
een	O
brief	O
aantreft	O
van	O
Carolien	B-PER
de	I-PER
Boer	E-PER
,	O
waarin	O
zij	O
haar	O
afscheid	O
als	O
lid	O
van	O
onze	O
Rekenkamer	O
aankondigt	O
.	O
Carolien	S-PER
kan	O
vandaag	O
niet	O
aanwezig	O
zijn	O
,	O
maar	O
volgt	O
de	O
raadsvergadering	O
vanuit	O
huis	O
.	O
Dat	O
is	O
helaas	O
niet	O
zonder	O
reden	O
,	O
want	O
zij	O
heeft	O
onlangs	O
aangekondigd	O
dat	O
zij	O
vanwege	O
gezondheidsredenen	O
stopt	O
met	O
haar	O
werk	O
als	O
lid	O
van	O
de	O
Rekenkamer	O
.	O
In	O
de	O
brief	O
waarin	O
zij	O
haar	O
vertrek	O
aankondigt	O
,	O
schrijft	O
zij	O
dat	O
ze	O
sinds	O
haar	O
komst	O
in	O
2018	O
altijd	O
met	O
veel	O
plezier	O
bestuurslid	O
van	O
onze	O
Rekenkamer	O
was	O
.	O
Haar	O
hoogtepunten	O
waren	O
de	O
bijdragen	O
aan	O
de	O
onderzoeken	O
rond	O
de	O
Participatiewet	O
,	O
de	O
laaggeletterdheid	O
en	O
de	O
energietransitie	O
.	O
Zij	O
kijkt	O
vooral	O
met	O
veel	O
voldoening	O
terug	O
op	O
de	O
goede	O
samenwerking	O
tussen	O
bestuur	O
en	O
staf	O
van	O
de	O
Rekenkamer	O
en	O
natuurlijk	O
met	O
de	O
gemeenteraad	O
.	O
Zij	O
had	O
altijd	O
een	O
scherp	O
oog	O
voor	O
het	O
ingewikkelde	O
krachtenveld	O
waarin	O
overheidsorganisaties	O
moeten	O
werken	O
.	O
Bij	O
haar	O
komst	O
,	O
vijf	O
jaar	O
geleden	O
,	O
leerde	O
de	O
raad	O
haar	O
kennen	O
als	O
een	O
groot	O
voorstander	O
van	O
andere	O
en	O
nieuwe	O
onderzoeksmethoden	O
,	O
anders	O
dan	O
die	O
de	O
Rekenkamer	O
altijd	O
gewend	O
was	O
.	O
Zij	O
wilde	O
niet	O
alleen	O
ambtenaren	O
en	O
betrokken	O
organisaties	O
interviewen	O
,	O
maar	O
maakte	O
zich	O
ook	O
hard	O
voor	O
het	O
houden	O
van	O
peilingen	O
onder	O
de	O
Utrechters	O
en	O
het	O
uitvoeren	O
van	O
casestudy	O
's	O
.	O
De	O
resultaten	O
daarvan	O
moeten	O
op	O
een	O
aansprekende	O
,	O
begrijpelijke	O
en	O
niet	O
te	O
uitgebreide	O
manier	O
worden	O
gepresenteerd	O
.	O
Zij	O
liet	O
liever	O
beelden	O
en	O
infographics	O
zien	O
.	O
Ze	O
stelt	O
vast	O
dat	O
Carolien	S-PER
het	O
bewijs	O
is	O
dat	O
het	O
belangrijke	O
werk	O
van	O
de	O
Rekenkamer	O
voortdurend	O
in	O
ontwikkeling	O
is	O
.	O
Zij	O
hoopt	O
dat	O
dat	O
zo	O
blijft	O
,	O
maar	O
daar	O
heeft	O
zij	O
alle	O
vertrouwen	O
in	O
.	O
Helaas	O
zal	O
dat	O
gebeuren	O
zonder	O
de	O
inzet	O
en	O
de	O
kennis	O
van	O
Carolien	S-PER
,	O
en	O
haar	O
wil	O
om	O
altijd	O
weer	O
te	O
vernieuwen	O
.	O
Namens	O
alle	O
leden	O
van	O
de	O
raad	O
en	O
de	O
medewerkers	O
dankt	O
zij	O
Carolien	S-PER
voor	O
haar	O
waardevolle	O
inzet	O
voor	O
de	O
stad	O
.	O
Zij	O
wenst	O
Carolien	S-PER
het	O
allerbeste	O
toe	O
.	O
(	O
Applaus	O
.	O
)	O
(	O
De	O
voorzitter	O
toont	O
daarop	O
het	O
schilderij	O
dat	O
Carolien	S-PER
als	O
dank	O
ontvangt	O
.	O
)	O
De	O
heer	O
Venhoeven	S-PER
(	O
voorzitter	O
Rekenkamer	O
)	O
merkt	O
op	O
dat	O
hij	O
en	O
de	O
overige	O
leden	O
van	O
de	O
Rekenkamer	O
nu	O
niet	O
in	O
niet	O
in	O
de	O
gelegenheid	O
zijn	O
om	O
Carolien	S-PER
persoonlijk	O
toe	O
te	O
spreken	O
.	O
Voor	O
nu	O
wil	O
hij	O
haar	O
alvast	O
danken	O
voor	O
haar	O
waardevolle	O
bijdragen	O
aan	O
de	O
Rekenkamer	O
en	O
voor	O
de	O
prettige	O
collegialiteit	O
.	O
De	O
leden	O
van	O
de	O
Rekenkamer	O
zullen	O
haar	O
missen	O
,	O
maar	O
zullen	O
met	O
een	O
glimlach	O
en	O
vol	O
waardering	O
aan	O
haar	O
terugdenken	O
.	O
Wanneer	O
Carolien	S-PER
daaraan	O
toe	O
is	O
,	O
neemt	O
de	O
Rekenkamer	O
nog	O
graag	O
persoonlijk	O
afscheid	O
van	O
haar	O
.	O
Hij	O
wenst	O
haar	O
alle	O
goeds	O
,	O
ook	O
namens	O
Sjoerd	S-PER
,	O
Gerth	S-PER
,	O
Gert	B-PER
Jan	E-PER
en	O
alle	O
nu	O
niet	O
aanwezige	O
collega's	O
van	O
de	O
Rekenkamer	O
.	O
De	O
voorzitter	O
merkt	O
op	O
dat	O
de	O
procedure	O
voor	O
de	O
opvolging	O
van	O
Carolien	S-PER
nu	O
in	O
gang	O
wordt	O
gezet	O
.	O
Zij	O
hoopt	O
dat	O
er	O
over	O
enige	O
weken	O
een	O
opvolger	O
benoemd	O
kan	O
worden	O
.	O
4.	O
Geheimhouding	O
.	O
De	O
voorzitter	O
stelt	O
voor	O
om	O
,	O
conform	O
artikel	O
25	O
,	O
lid	O
3	O
van	O
de	O
Gemeentewet	O
,	O
de	O
door	O
het	O
college	O
opgelegde	O
geheimhouding	O
van	O
de	O
documenten	O
zoals	O
vermeld	O
in	O
de	O
bij	O
de	O
agenda	O
gevoegde	O
bijlage	O
,	O
inclusief	O
de	O
aanpassing	O
,	O
te	O
bekrachtigen	O
.	O
Zij	O
heeft	O
begrepen	O
dat	O
de	O
heer	O
Sungur	S-PER
een	O
opmerking	O
heeft	O
met	O
betrekking	O
tot	O
het	O
proces	O
bij	O
een	O
van	O
Raadsvergadering	O
van	O
15	O
september	O
2022	O
3	O
de	O
geheime	O
stukken	O
.	O
Als	O
het	O
bij	O
opmerkingen	O
over	O
het	O
proces	O
blijft	O
,	O
kunnen	O
die	O
in	O
openbaarheid	O
gemaakt	O
worden	O
.	O
Zij	O
stelt	O
vast	O
dat	O
dit	O
het	O
geval	O
is	O
.	O
De	O
heer	O
Sungur	S-PER
(	O
DENK	O
)	O
wil	O
dat	O
de	O
geheimhouding	O
ten	O
aanzien	O
van	O
het	O
conceptrapport	O
Constitutioneel	O
racisme	O
niet	O
wordt	O
bekrachtigd	O
.	O
De	O
afspraak	O
in	O
de	O
raad	O
is	O
dat	O
alles	O
openbaar	O
en	O
transparant	O
behandeld	O
wordt	O
,	O
tenzij	O
dat	O
niet	O
mogelijk	O
is	O
.	O
Nu	O
wordt	O
een	O
rapport	O
volledig	O
geheim	O
verklaard	O
,	O
wat	O
niet	O
strookt	O
met	O
de	O
visie	O
op	O
een	O
open	O
overheid	O
.	O
Zijn	O
fractie	O
heeft	O
in	O
de	O
commissie	O
nadrukkelijk	O
aangegeven	O
dat	O
ze	O
best	O
snapt	O
dat	O
onderdelen	O
in	O
het	O
conceptrapport	O
zwart	O
gelakt	O
moeten	O
worden	O
,	O
maar	O
dat	O
ze	O
niet	O
kan	O
vatten	O
dat	O
wordt	O
aangedrongen	O
op	O
een	O
volledige	O
en	O
permanente	O
geheimhouding	O
.	O
Als	O
reden	O
wordt	O
opgegeven	O
:	O
een	O
eventueel	O
openbaar	O
debat	O
over	O
een	O
onvoldragen	O
en	O
niet	O
bestuurlijk	O
onderschreven	O
conceptversie	O
dient	O
niet	O
het	O
doel	O
van	O
onze	O
gezamenlijke	O
inzet	O
op	O
dit	O
belangrijke	O
onderwerp	O
.	O
Hij	O
vindt	O
dit	O
geen	O
grond	O
om	O
iets	O
geheim	O
te	O
verklaren	O
.	O
Zijn	O
fractie	O
vindt	O
juist	O
openheid	O
heel	O
belangrijk	O
.	O
Er	O
zit	O
bijna	O
een	O
verschil	O
van	O
80	O
pagina's	O
tussen	O
het	O
concept	O
en	O
het	O
definitieve	O
rapport	O
.	O
Daar	O
wil	O
hij	O
in	O
alle	O
openheid	O
vragen	O
over	O
kunnen	O
stellen	O
.	O
Ook	O
de	O
conclusies	O
lijken	O
van	O
elkaar	O
te	O
verschillen	O
.	O
Vage	O
redenen	O
als	O
mensen	O
moeten	O
in	O
openheid	O
of	O
vrijheid	O
kunnen	O
spreken	O
,	O
het	O
waren	O
ruwe	O
schetsen	O
hebben	O
hier	O
wat	O
zijn	O
fractie	O
betreft	O
niets	O
mee	O
te	O
maken	O
.	O
Hij	O
hoopt	O
dat	O
de	O
raad	O
het	O
belang	O
van	O
een	O
open	O
overheid	O
hoog	O
in	O
het	O
vaandeel	O
heeft	O
staan	O
en	O
de	O
geheimhouding	O
niet	O
zal	O
bekrachtigen	O
.	O
Mocht	O
dit	O
wel	O
gebeuren	O
,	O
dan	O
kondigt	O
hij	O
aan	O
dat	O
hij	O
als	O
belanghebbende	O
daartegen	O
bezwaar	O
zal	O
maken	O
en	O
eventueel	O
ook	O
in	O
beroep	O
zal	O
gaan	O
bij	O
de	O
rechter	O
.	O
De	O
heer	O
Dijkstra	S-PER
(	O
EenUtrecht	O
)	O
sluit	O
zich	O
volledig	O
aan	O
bij	O
de	O
oproep	O
van	O
de	O
heer	O
Sungur	S-PER
.	O
Hij	O
geeft	O
iedereen	O
in	O
overweging	O
dat	O
de	O
raad	O
,	O
door	O
dit	O
rapport	O
in	O
zijn	O
volledigheid	O
geheim	O
te	O
verklaren	O
,	O
de	O
verdenking	O
op	O
zich	O
laadt	O
dat	O
er	O
iets	O
toe	O
te	O
dekken	O
is	O
.	O
Dat	O
zou	O
het	O
proces	O
schaden	O
en	O
dat	O
moet	O
dus	O
voorkomen	O
worden	O
.	O
Mocht	O
het	O
rapport	O
geheim	O
verklaard	O
worden	O
,	O
dan	O
zal	O
zijn	O
fractie	O
niet	O
deelnemen	O
aan	O
de	O
beraadslagingen	O
over	O
dit	O
geheime	O
rapport	O
.	O
De	O
heer	O
Bosch	S-PER
(	O
PVV	O
)	O
wil	O
voor	O
de	O
volledigheid	O
en	O
voor	O
de	O
notulen	O
vastgelegd	O
hebben	O
dat	O
zijn	O
fractie	O
de	O
oproep	O
van	O
de	O
heer	O
Sungur	S-PER
volledig	O
steunt	O
.	O
Mevrouw	O
Raaijmakers	S-PER
(	O
PvdA	O
)	O
is	O
van	O
mening	O
dat	O
conceptrapporten	O
niet	O
bedoeld	O
zijn	O
voor	O
de	O
openbaarheid	O
.	O
Onderzoekers	O
moeten	O
zich	O
vrij	O
kunnen	O
voelen	O
om	O
een	O
concept	O
op	O
papier	O
te	O
kunnen	O
zetten	O
en	O
dat	O
in	O
beslotenheid	O
te	O
kunnen	O
bespreken	O
met	O
de	O
mensen	O
die	O
daarbij	O
aanwezig	O
zijn	O
.	O
Zij	O
weet	O
zelf	O
als	O
onderzoeker	O
dat	O
er	O
nog	O
veel	O
kan	O
veranderen	O
tussen	O
een	O
conceptversie	O
en	O
een	O
eindversie	O
.	O
Het	O
is	O
ook	O
de	O
bedoeling	O
om	O
dat	O
concept	O
in	O
die	O
setting	O
met	O
elkaar	O
te	O
kunnen	O
bespreken	O
.	O
Als	O
conceptrapporten	O
openbaar	O
gemaakt	O
worden	O
,	O
wordt	O
er	O
een	O
gevaarlijk	O
precedent	O
geschapen	O
voor	O
toekomstige	O
onderzoeken	O
.	O
Onderzoekers	O
zullen	O
zich	O
dan	O
niet	O
meer	O
vrij	O
voelen	O
om	O
een	O
concept	O
op	O
papier	O
te	O
zetten	O
.	O
De	O
heer	O
Van	B-PER
Heuven	E-PER
(	O
PvdD	O
)	O
merkt	O
op	O
dat	O
zijn	O
fractie	O
het	O
idee	O
van	O
de	O
heer	O
Sungur	S-PER
steunt	O
om	O
het	O
conceptrapport	O
met	O
weggelakte	O
delen	O
openbaar	O
te	O
maken	O
.	O
Raadsvergadering	O
van	O
15	O
september	O
2022	O
4	O
Mevrouw	O
Deldjou	B-PER
Fard	E-PER
(	O
GroenLinks	O
)	O
sluit	O
zich	O
aan	O
bij	O
de	O
woorden	O
van	O
mevrouw	O
Raaijmakers	S-PER
.	O
Is	O
het	O
openbaar	O
maken	O
van	O
het	O
conceptrapport	O
juridisch	O
mogelijk	O
?	O
Dat	O
kon	O
zij	O
niet	O
uit	O
de	O
brief	O
opmaken	O
.	O
Mevrouw	O
Nolten	S-PER
(	O
Bij1	O
)	O
steunt	O
de	O
oproep	O
om	O
het	O
conceptrapport	O
openbaar	O
te	O
maken	O
,	O
mits	O
bepaalde	O
delen	O
daarvan	O
zwart	O
gelakt	O
worden	O
,	O
om	O
te	O
voorkomen	O
dat	O
mensen	O
die	O
een	O
klacht	O
hebben	O
ingediend	O
of	O
zich	O
anderszins	O
hebben	O
uitgesproken	O
,	O
in	O
een	O
onveilige	O
situatie	O
zullen	O
komen	O
.	O
Mevrouw	O
Kendir	S-PER
(	O
Student	O
&	O
Starter	O
)	O
stelt	O
dat	O
volgens	O
haar	O
de	O
onderliggende	O
wens	O
is	O
dat	O
er	O
gesproken	O
kan	O
worden	O
over	O
de	O
eventuele	O
inhoudelijke	O
verschillen	O
tussen	O
het	O
conceptrapport	O
en	O
het	O
eindrapport	O
.	O
Openbaarheid	O
van	O
het	O
conceptrapport	O
hoeft	O
daarvoor	O
niet	O
per	O
se	O
het	O
juiste	O
middel	O
te	O
zijn	O
.	O
Zij	O
vraagt	O
de	O
wethouder	O
of	O
er	O
niet	O
een	O
alternatief	O
mogelijk	O
is	O
waardoor	O
toch	O
tegemoet	O
kan	O
worden	O
gekomen	O
aan	O
die	O
wens	O
,	O
met	O
inachtneming	O
van	O
hetgeen	O
in	O
de	O
raadsbrief	O
is	O
gecommuniceerd	O
.	O
Mevrouw	O
Al-Saqaff	S-PER
(	O
VVD	O
)	O
sluit	O
zich	O
aan	O
bij	O
de	O
woorden	O
van	O
mevrouw	O
Raaijmakers	S-PER
.	O
Ook	O
haar	O
fractie	O
hecht	O
veel	O
belang	O
aan	O
de	O
vertrouwelijkheid	O
van	O
hetgeen	O
de	O
onderzoekers	O
inbrengen	O
.	O
Mevrouw	O
Hessel	S-PER
(	O
Utrecht	O
Solidair	O
)	O
sluit	O
zich	O
volledig	O
aan	O
bij	O
de	O
heer	O
Sungur	S-PER
.	O
Tussen	O
het	O
conceptrapport	O
en	O
het	O
definitieve	O
rapport	O
horen	O
niet	O
zulke	O
verschillen	O
te	O
zitten	O
.	O
De	O
zaken	O
die	O
geheim	O
moeten	O
blijven	O
,	O
kunnen	O
in	O
beide	O
versies	O
zwart	O
gemaakt	O
worden	O
.	O
De	O
voorzitter	O
stelt	O
vast	O
dat	O
er	O
nu	O
toch	O
al	O
enkele	O
inhoudelijke	O
zaken	O
genoemd	O
worden	O
,	O
die	O
verder	O
gaan	O
dan	O
procesopmerkingen	O
.	O
Zij	O
wijst	O
de	O
raadsleden	O
erop	O
dat	O
de	O
geheimhouding	O
,	O
zolang	O
die	O
niet	O
wordt	O
weggestemd	O
,	O
er	O
nog	O
steeds	O
is	O
.	O
De	O
heer	O
Koning	S-PER
(	O
D66	O
)	O
merkt	O
op	O
dat	O
zijn	O
fractie	O
het	O
verzoek	O
om	O
geheimhouding	O
steunt	O
,	O
langs	O
de	O
lijn	O
van	O
de	O
argumenten	O
die	O
mevrouw	O
Raaijmakers	S-PER
heeft	O
genoemd	O
en	O
de	O
argumenten	O
die	O
in	O
de	O
brief	O
van	O
gisteren	O
zijn	O
genoemd	O
.	O
Mevrouw	O
Chirino	S-PER
(	O
ChristenUnie	O
)	O
betreurt	O
het	O
dat	O
er	O
überhaupt	O
een	O
conceptrapport	O
besproken	O
gaat	O
worden	O
terwijl	O
het	O
rapport	O
al	O
is	O
besproken	O
.	O
Zij	O
acht	O
het	O
niet	O
noodzakelijk	O
dat	O
het	O
rapport	O
in	O
openbarheid	O
besproken	O
wordt	O
.	O
De	O
heer	O
Versteeg	S-PER
(	O
CDA	O
)	O
kan	O
de	O
geheimhouding	O
steunen	O
.	O
Ook	O
hij	O
sluit	O
zich	O
aan	O
bij	O
mevrouw	O
Raaijmakers	S-PER
.	O
Wel	O
moeten	O
de	O
verschillen	O
tussen	O
het	O
conceptrapport	O
en	O
het	O
definitieve	O
rapport	O
zo	O
veel	O
mogelijk	O
duidelijk	O
zijn	O
.	O
Mevrouw	O
Streefland	S-PER
(	O
wethouder	O
)	O
merkt	O
op	O
dat	O
de	O
vraag	O
van	O
mevrouw	O
Deldjou	B-PER
Fard	E-PER
-	O
is	O
het	O
openbaar	O
maken	O
van	O
het	O
conceptrapport	O
juridisch	O
mogelijk	O
?	O
-	O
haar	O
nog	O
niet	O
helemaal	O
duidelijk	O
is	O
.	O
Zij	O
kan	O
zich	O
voorstellen	O
dat	O
zij	O
daar	O
later	O
op	O
terugkomt	O
.	O
Ook	O
het	O
gevraagde	O
door	O
mevrouw	O
Kendir	S-PER
is	O
haar	O
nog	O
niet	O
helemaal	O
duidelijk	O
.	O
Op	O
dit	O
moment	O
ligt	O
alleen	O
voor	O
:	O
geheimhouding	O
of	O
niet	O
.	O
Mevrouw	O
Kendir	S-PER
(	O
Student	O
&	O
Starter	O
)	O
verduidelijkt	O
dat	O
haar	O
fractie	O
vooral	O
benieuwd	O
is	O
naar	O
alternatieve	O
mogelijkheden	O
,	O
bijvoorbeeld	O
dat	O
de	O
raad	O
in	O
gesprek	O
gaat	O
met	O
de	O
onderzoekers	O
.	O
Zij	O
heeft	O
het	O
gevoel	O
dat	O
er	O
nu	O
heel	O
zwart-wit	O
naar	O
het	O
rapport	O
gekeken	O
wordt	O
,	O
terwijl	O
er	O
volgens	O
haar	O
een	O
diepere	O
wens	O
ligt	O
.	O
Raadsvergadering	O
van	O
15	O
september	O
2022	O
5	O
Mevrouw	O
Streefland	S-PER
(	O
wethouder	O
)	O
antwoordt	O
dat	O
dit	O
aan	O
de	O
raad	O
zelf	O
is	O
.	O
Op	O
dit	O
moment	O
ligt	O
alleen	O
de	O
vraag	O
voor	O
of	O
er	O
geheimhouding	O
moet	O
worden	O
opgelegd	O
.	O
Daar	O
moet	O
de	O
raad	O
een	O
uitspraak	O
over	O
doen	O
.	O
De	O
heer	O
Te	B-PER
Hoonte	E-PER
(	O
VVD	O
)	O
heeft	O
een	O
opmerking	O
over	O
de	O
voorgestelde	O
geheimhouding	O
van	O
een	O
bijlage	O
bij	O
het	O
voorstel	O
inzake	O
deelgebied	O
6	O
Merwedekanaalzone	O
.	O
De	O
raad	O
heeft	O
nu	O
een	O
openbare	O
duiding	O
van	O
een	O
geheim	O
stuk	O
gekregen	O
,	O
maar	O
daar	O
moest	O
de	O
raad	O
weer	O
om	O
vragen	O
.	O
Hij	O
wil	O
nog	O
eens	O
meegeven	O
:	O
alleen	O
geheim	O
wat	O
strikt	O
geheim	O
is	O
,	O
en	O
geen	O
informatie	O
in	O
geheime	O
stukken	O
die	O
ook	O
al	O
openbaar	O
bekend	O
is	O
,	O
zodat	O
raadsleden	O
niet	O
ineens	O
te	O
horen	O
krijgen	O
dat	O
zij	O
aan	O
geheimhouding	O
gebonden	O
zijn	O
.	O
Hij	O
verzoekt	O
het	O
college	O
om	O
dit	O
nog	O
eens	O
nadrukkelijk	O
aan	O
de	O
staf	O
mee	O
te	O
geven	O
.	O
De	O
voorzitter	O
stelt	O
dat	O
deze	O
boodschap	O
luid	O
en	O
duidelijk	O
is	O
overgekomen	O
.	O
Zij	O
stelt	O
voor	O
om	O
digitaal	O
te	O
stemmen	O
over	O
haar	O
voorstel	O
om	O
de	O
door	O
het	O
college	O
opgelegde	O
geheimhouding	O
van	O
de	O
documenten	O
zoals	O
vermeld	O
in	O
de	O
bij	O
de	O
agenda	O
gevoegde	O
bijlage	O
,	O
inclusief	O
de	O
aanpassing	O
,	O
te	O
bekrachtigen	O
.	O
Hierna	O
wordt	O
digitaal	O
gestemd	O
over	O
het	O
voorstel	O
van	O
de	O
voorzitter	O
,	O
waarna	O
de	O
voorzitter	O
constateert	O
dat	O
het	O
is	O
aangenomen	O
met	O
34	O
tegen	O
8	O
stemmen	O
.	O
5.	O
Notulen	O
raadsvergadering	O
16	O
juni	O
en	O
7	O
juli	O
2022	O
.	O
Deze	O
notulen	O
worden	O
zonder	O
stemming	O
ongewijzigd	O
vastgesteld	O
.	O
De	O
heer	O
Dijkstra	S-PER
(	O
EenUtrecht	O
)	O
merkt	O
op	O
dat	O
hij	O
in	O
de	O
raadsvergadering	O
van	O
16	O
juni	O
per	O
abuis	O
tegen	O
amendement	O
60	O
(	O
Parkeren	O
voor	O
essentiële	O
beroepen	O
)	O
heeft	O
gestemd	O
.	O
Dat	O
had	O
een	O
voorstem	O
moeten	O
zijn	O
.	O
Graag	O
ziet	O
hij	O
dat	O
dit	O
wordt	O
aangepast	O
.	O
De	O
voorzitter	O
merkt	O
op	O
dat	O
het	O
herroepen	O
van	O
de	O
stemuitslag	O
niet	O
mogelijk	O
is	O
,	O
maar	O
dat	O
in	O
de	O
notulen	O
zal	O
worden	O
opgenomen	O
dat	O
de	O
heer	O
Dijkstra	S-PER
geacht	O
wenst	O
te	O
worden	O
voor	O
amendement	O
60	O
te	O
hebben	O
gestemd	O
.	O
6.	O
Notulen	O
vragenuur	O
16	O
en	O
30	O
juni	O
,	O
25	O
augustus	O
en	O
1	O
september	O
2022	O
.	O
Deze	O
notulen	O
worden	O
zonder	O
stemming	O
ongewijzigd	O
vastgesteld	O
.	O
7.	O
Notulen	O
Commissies	O
Voorjaarsnota	O
21	O
,	O
22	O
en	O
23	O
juni	O
2022	O
.	O
Deze	O
notulen	O
worden	O
zonder	O
stemming	O
ongewijzigd	O
vastgesteld	O
.	O
9.	O
Raadsvoorstel	O
Beëindigen	O
commissielidmaatschap	O
.	O
De	O
voorzitter	O
merkt	O
op	O
dat	O
de	O
SP	O
als	O
fractie	O
niet	O
langer	O
meer	O
is	O
vertegenwoordigd	O
in	O
de	O
raad	O
.	O
Daarmee	O
eindigt	O
ook	O
het	O
lidmaatschap	O
van	O
de	O
commissieleden	O
die	O
eerder	O
namens	O
de	O
SP	O
zijn	O
benoemd	O
.	O
Op	O
grond	O
van	O
artikel	O
7	O
,	O
lid	O
3	O
van	O
de	O
Verordening	O
op	O
de	O
raadscommissie	O
is	O
voor	O
beëindiging	O
van	O
het	O
lidmaatschap	O
een	O
besluit	O
van	O
de	O
raad	O
nodig	O
.	O
De	O
raad	O
wordt	O
derhalve	O
voorgesteld	O
te	O
besluiten	O
tot	O
beëindiging	O
van	O
het	O
commissielidmaatschap	O
van	O
Ruurt	B-PER
Wiegant	E-PER
en	O
Dane	B-PER
Harris	E-PER
.	O
Raadsvergadering	O
van	O
15	O
september	O
2022	O
6	O
Zonder	O
stemming	O
wordt	O
overeenkomstig	O
het	O
raadsvoorstel	O
besloten	O
.	O
De	O
voorzitter	O
dankt	O
de	O
heren	O
Wiegant	S-PER
en	O
Harris	S-PER
voor	O
hun	O
inzet	O
voor	O
de	O
SP	O
en	O
daarmee	O
voor	O
de	O
raad	O
.	O
11	O
.	O
Raadsvoorstel	O
Voorbereidingskrediet	O
Gebiedsontwikkeling	O
Galgenwaard	O
en	O
omgeving	O
.	O
De	O
heer	O
Dijkstra	S-PER
(	O
EenUtrecht	O
)	O
stemt	O
in	O
met	O
het	O
raadsvoorstel	O
,	O
mits	O
de	O
wethouder	O
kan	O
toezeggen	O
dat	O
de	O
bewoners	O
en	O
direct	O
omwonenden	O
gelijkwaardig	O
worden	O
betrokken	O
,	O
net	O
als	O
de	O
private	O
marktpartijen	O
,	O
en	O
dat	O
er	O
daarnaast	O
ook	O
wordt	O
gekeken	O
naar	O
een	O
kleinschaliger	O
plan	O
-	O
500	O
woningen	O
en	O
40.000	O
bvo	O
.	O
De	O
voorzitter	O
merkt	O
op	O
dat	O
dit	O
eigenlijk	O
geen	O
stemverklaring	O
is	O
,	O
maar	O
meer	O
een	O
verzoek	O
.	O
Zonder	O
stemming	O
wordt	O
overeenkomstig	O
het	O
raadsvoorstel	O
besloten	O
,	O
met	O
inachtneming	O
van	O
de	O
afgelegde	O
stemverklaring	O
.	O
12	O
.	O
Raadsvoorstel	O
Herziening	O
legesverordening	O
m.b.t.	O
evenementen	O
en	O
bijschrijving	O
leidinggevenden	O
in	O
horeca	O
.	O
Mevrouw	O
Snippe	S-PER
(	O
PvdD	O
)	O
merkt	O
op	O
dat	O
haar	O
fractie	O
beslispunt	O
1A	O
kan	O
steunen	O
,	O
maar	O
niet	O
kan	O
meegaan	O
met	O
het	O
halveren	O
van	O
het	O
tarief	O
voor	O
het	O
in	O
behandeling	O
nemen	O
van	O
een	O
evenementenvergunningaanvraag	O
.	O
Om	O
die	O
reden	O
stemt	O
haar	O
fractie	O
tegen	O
het	O
raadsvoorstel	O
.	O
Mevrouw	O
Bode	S-PER
(	O
Volt	O
)	O
sluit	O
zich	O
aan	O
bij	O
de	O
stemverklaring	O
van	O
de	O
Partij	O
voor	O
de	O
Dieren	O
.	O
Zonder	O
stemming	O
wordt	O
overeenkomstig	O
het	O
raadsvoorstel	O
besloten	O
,	O
met	O
inachtneming	O
van	O
de	O
afgelegde	O
stemverklaringen	O
.	O
13	O
.	O
Rekenkameronderzoek	O
:	O
Onbegonnen	O
werk	O
-	O
Een	O
onderzoek	O
naar	O
de	O
verduurzaming	O
van	O
gemeentelijk	O
vastgoed	O
in	O
Utrecht	O
.	O
De	O
heer	O
Keulen	S-PER
(	O
lid	O
Rekenkamer	O
)	O
merkt	O
op	O
dat	O
de	O
titel	O
van	O
het	O
onderzoek	O
slaat	O
op	O
twee	O
zaken	O
.	O
Allereerst	O
is	O
er	O
het	O
feit	O
dat	O
er	O
ondanks	O
de	O
versnellingsopgave	O
nauwelijks	O
panden	O
waren	O
aangepakt	O
.	O
Toen	O
het	O
rapport	O
uitkwam	O
,	O
in	O
februari	O
van	O
dit	O
jaar	O
,	O
waren	O
er	O
twee	O
gebouwen	O
verduurzaamd	O
,	O
terwijl	O
de	O
doelstelling	O
was	O
om	O
in	O
2023	O
57	O
panden	O
aangepakt	O
te	O
hebben	O
.	O
Daarnaast	O
concludeerde	O
de	O
Rekenkamer	O
dat	O
met	O
deze	O
opgave	O
doelen	O
werden	O
nagestreefd	O
die	O
financieel	O
en	O
inhoudelijk	O
onvoldoende	O
onderbouwd	O
waren	O
en	O
daarmee	O
niet	O
realistisch	O
zijn	O
.	O
De	O
doelstelling	O
om	O
het	O
gemeentelijk	O
kernvastgoed	O
in	O
2040	O
te	O
verduurzamen	O
is	O
op	O
de	O
huidige	O
manier	O
haalbaar	O
noch	O
betaalbaar	O
.	O
Ook	O
stelde	O
de	O
Rekenkamer	O
vast	O
dat	O
de	O
gemeente	O
geen	O
grip	O
heeft	O
op	O
deze	O
opgave	O
.	O
Mede	O
hierdoor	O
kon	O
de	O
organisatie	O
geen	O
inzicht	O
geven	O
in	O
de	O
voortgang	O
en	O
de	O
besteding	O
van	O
de	O
middelen	O
.	O
Dat	O
leidt	O
er	O
in	O
de	O
ogen	O
van	O
de	O
Rekenkamer	O
toe	O
dat	O
de	O
gemeenteraad	O
over	O
de	O
voortgang	O
niet	O
inzichtelijk	O
wordt	O
geïnformeerd	O
.	O
De	O
gemeente	O
heeft	O
zichzelf	O
met	O
een	O
onmogelijke	O
opgave	O
opgezadeld	O
.	O
Ook	O
in	O
die	O
zin	O
is	O
dit	O
dus	O
onbegonnen	O
werk	O
.	O
Raadsvergadering	O
van	O
15	O
september	O
2022	O
7	O
In	O
het	O
coalitieakkoord	O
staat	O
dat	O
men	O
,	O
gelet	O
op	O
de	O
uitkomst	O
van	O
de	O
Rekenkamer	O
,	O
een	O
agenda	O
kan	O
verwachten	O
voor	O
een	O
nieuwe	O
en	O
ambitieuze	O
verduurzamingsaanpak	O
aan	O
het	O
begin	O
van	O
2023	O
.	O
Tegelijkertijd	O
ligt	O
er	O
ook	O
een	O
raadsvoorstel	O
voor	O
waarin	O
de	O
Rekenkamer	O
heeft	O
geprobeerd	O
haar	O
conclusies	O
om	O
te	O
zetten	O
in	O
aanbevelingen	O
waarvan	O
ze	O
hoopt	O
dat	O
die	O
door	O
de	O
raad	O
worden	O
overgenomen	O
.	O
Het	O
college	O
heeft	O
alle	O
aanbevelingen	O
van	O
de	O
Rekenkamer	O
onderschreven	O
en	O
overgenomen	O
.	O
De	O
heer	O
Te	B-PER
Hoonte	E-PER
(	O
VVD	O
)	O
merkt	O
op	O
dat	O
zijn	O
fractie	O
de	O
Rekenkamer	O
dankt	O
voor	O
haar	O
werk	O
,	O
dat	O
ze	O
het	O
plan	O
van	O
aanpak	O
van	O
het	O
college	O
afwacht	O
en	O
dat	O
ze	O
het	O
raadvoorstel	O
zal	O
steunen	O
.	O
Ondertussen	O
is	O
er	O
van	O
alles	O
aan	O
de	O
hand	O
op	O
het	O
gebied	O
van	O
energie	O
.	O
Vele	O
organisaties	O
hebben	O
behoefte	O
aan	O
iets	O
meer	O
.	O
Daarom	O
dient	O
zijn	O
fractie	O
motie	O
229	O
in	O
(	O
Versneld	O
verduurzamen	O
)	O
,	O
waarvan	O
het	O
college	O
wordt	O
opgedragen	O
:	O
1	O
.	O
Actief	O
alle	O
verduurzamingen	O
op	O
te	O
pakken	O
binnen	O
de	O
gemeentelijke	O
vastgoedportefeuille	O
conform	O
de	O
maatregelenlijsten	O
van	O
de	O
energiebesparingsplicht	O
die	O
zich	O
binnen	O
5	O
jaar	O
terugverdienen	O
voor	O
zowel	O
de	O
gebouweigenaar	O
als	O
de	O
gebruikers	O
die	O
onderdeel	O
zijn	O
van	O
de	O
gemeentelijke	O
organisatie	O
(	O
Wettelijke	O
plicht	O
)	O
2	O
.	O
Actief	O
alle	O
verduurzamingen	O
op	O
te	O
pakken	O
binnen	O
de	O
gemeentelijke	O
vastgoedportefeuille	O
die	O
conform	O
de	O
maatregelenlijsten	O
van	O
de	O
energieprestatieplicht	O
die	O
zich	O
binnen	O
5	O
jaar	O
terugverdienen	O
voor	O
huurders	O
binnen	O
die	O
bijdragen	O
aan	O
de	O
beleidsdoelstellingen	O
van	O
de	O
gemeente	O
en	O
dit	O
te	O
verwerken	O
in	O
de	O
kostprijsdekkende	O
huur	O
3	O
.	O
Actief	O
mee	O
te	O
werken	O
aan	O
verduurzamingsmaatregelen	O
die	O
huurders	O
willen	O
doen	O
(	O
binnen	O
redelijkheid	O
)	O
en	O
waarvoor	O
toestemming	O
van	O
de	O
gemeente	O
als	O
verhuurder	O
noodzakelijk	O
is	O
4	O
.	O
Actief	O
mee	O
te	O
werken	O
aan	O
voorstellen	O
van	O
huurders	O
voor	O
decentrale	O
(	O
gebouwgebonden	O
)	O
energieopwekking	O
(	O
zoals	O
zonnepanelen	O
en	O
zonneboilers	O
)	O
die	O
binnen	O
korte	O
tijd	O
realiseerbaar	O
zijn	O
en	O
de	O
energierekening	O
direct	O
verlagen	O
5	O
.	O
Een	O
aanspreekpunt/loket	O
te	O
maken	O
binnen	O
de	O
gemeente	O
waar	O
huurders	O
en	O
gebruikers	O
hun	O
ideeën	O
voor	O
verduurzaming	O
en	O
lokale	O
energieopwekking	O
kunnen	O
voorleggen	O
en	O
toetsen	O
.	O
En	O
de	O
huurders	O
en	O
gebruikers	O
hierover	O
te	O
informeren	O
.	O
De	O
heer	O
Van	B-PER
Heuven	E-PER
(	O
PvdD	O
)	O
merkt	O
op	O
dat	O
de	O
Partij	O
voor	O
de	O
Dieren	O
een	O
voorstander	O
is	O
van	O
alle	O
beetjes	O
helpen	O
.	O
Maar	O
hoe	O
verhoudt	O
deze	O
motie	O
zich	O
tot	O
het	O
energieneutraal	O
maken	O
van	O
alle	O
gemeentelijke	O
panden	O
?	O
Kan	O
dit	O
geïnterpreteerd	O
worden	O
als	O
:	O
we	O
doen	O
wat	O
nu	O
kan	O
binnen	O
vijf	O
jaar	O
en	O
dan	O
stoppen	O
we	O
?	O
Of	O
is	O
het	O
gewoon	O
een	O
eerste	O
stapje	O
op	O
weg	O
naar	O
de	O
volledige	O
verduurzaming	O
van	O
al	O
het	O
vastgoed	O
?	O
De	O
heer	O
Te	B-PER
Hoonte	E-PER
(	O
VVD	O
)	O
antwoordt	O
dat	O
hij	O
het	O
liefst	O
zou	O
zien	O
dat	O
die	O
twee	O
zaken	O
gelijk	O
zouden	O
oplopen	O
.	O
Dan	O
doe	O
je	O
het	O
wanneer	O
het	O
kan	O
.	O
Alleen	O
is	O
er	O
ook	O
een	O
wettelijke	O
plicht	O
voor	O
bepaalde	O
maatregelen	O
.	O
Sommige	O
van	O
die	O
maatregelen	O
worden	O
nu	O
nog	O
niet	O
genomen	O
,	O
zeker	O
niet	O
in	O
de	O
gevallen	O
waarin	O
de	O
gemeente	O
ook	O
de	O
gebruiker	O
is	O
van	O
het	O
pand	O
.	O
Hij	O
denkt	O
dat	O
het	O
zou	O
passen	O
als	O
de	O
gemeente	O
die	O
maatregelen	O
in	O
ieder	O
geval	O
neemt	O
.	O
Verder	O
denkt	O
hij	O
dat	O
op	O
dit	O
moment	O
veel	O
organisaties	O
echt	O
geholpen	O
zouden	O
zijn	O
als	O
zij	O
hun	O
energieverbruik	O
met	O
20%	O
of	O
30	O
%	O
kunnen	O
terugbrengen	O
,	O
zonder	O
dat	O
het	O
gehele	O
pand	O
fossielvrij	O
wordt	O
gemaakt	O
.	O
Misschien	O
kan	O
men	O
die	O
twee	O
zaken	O
samen	O
laten	O
oplopen	O
.	O
De	O
heer	O
Dekkers	S-PER
(	O
GroenLinks	O
)	O
merkt	O
op	O
dat	O
GroenLinks	O
heel	O
sympathiek	O
staat	O
tegenover	O
het	O
idee	O
dat	O
de	O
gemeente	O
zich	O
houdt	O
aan	O
de	O
regels	O
die	O
ze	O
ook	O
aan	O
anderen	O
stelt	O
.	O
Misschien	O
moet	O
de	O
gemeente	O
daar	O
zelfs	O
strenger	O
in	O
zijn	O
.	O
Maar	O
het	O
probleem	O
is	O
dat	O
er	O
ambities	O
worden	O
gestapeld	O
en	O
dat	O
de	O
organisatie	O
dat	O
niet	O
aankan	O
.	O
Is	O
de	O
VVD	O
het	O
niet	O
met	O
GroenLinks	O
eens	O
dat	O
het	O
slim	O
is	O
om	O
dit	O
onderwerp	O
Raadsvergadering	O
van	O
15	O
september	O
2022	O
8	O
volgend	O
jaar	O
te	O
bespreken	O
,	O
als	O
er	O
uitgebreid	O
gesproken	O
wordt	O
over	O
de	O
wijze	O
waarop	O
de	O
problematiek	O
verder	O
zal	O
worden	O
aangepakt	O
?	O
De	O
heer	O
Te	B-PER
Hoonte	E-PER
(	O
VVD	O
)	O
antwoordt	O
dat	O
als	O
dit	O
onderwerp	O
volgend	O
jaar	O
besproken	O
wordt	O
,	O
er	O
dit	O
jaar	O
niemand	O
zal	O
worden	O
geholpen	O
om	O
een	O
lagere	O
energierekening	O
te	O
krijgen	O
.	O
Het	O
gevolg	O
daarvan	O
is	O
dat	O
veel	O
organisaties	O
-	O
voetbalclubs	O
,	O
maatschappelijke	O
organisaties	O
en	O
andere	O
organisaties	O
waar	O
ook	O
GroenLinks	O
zo	O
aan	O
hecht	O
-	O
zullen	O
aankloppen	O
bij	O
de	O
gemeente	O
voor	O
steun	O
op	O
de	O
lopende	O
rekening	O
.	O
Hij	O
geeft	O
het	O
geld	O
dan	O
liever	O
uit	O
aan	O
verduurzamingsmaatregelen	O
,	O
zodat	O
die	O
organisaties	O
ook	O
echt	O
minder	O
energie	O
gaan	O
verbruiken	O
,	O
dan	O
aan	O
het	O
weer	O
uitstellen	O
van	O
de	O
ambities	O
.	O
Overigens	O
zijn	O
een	O
aantal	O
van	O
die	O
ambities	O
gewoon	O
wettelijk	O
verplicht	O
.	O
De	O
heer	O
Dekkers	S-PER
(	O
GroenLinks	O
)	O
snapt	O
heel	O
goed	O
dat	O
men	O
niet	O
stil	O
moet	O
blijven	O
zitten	O
zolang	O
niet	O
alles	O
is	O
uitgewerkt	O
.	O
Maar	O
is	O
het	O
niet	O
slim	O
om	O
het	O
college	O
te	O
vragen	O
om	O
in	O
het	O
plan	O
van	O
aanpak	O
,	O
dat	O
de	O
raad	O
over	O
zes	O
weken	O
zal	O
ontvangen	O
,	O
te	O
verwerken	O
wat	O
in	O
deze	O
periode	O
al	O
kan	O
gebeuren	O
?	O
De	O
heer	O
Te	B-PER
Hoonte	E-PER
(	O
VVD	O
)	O
vindt	O
dat	O
de	O
wethouder	O
moet	O
duiden	O
of	O
hij	O
dat	O
in	O
de	O
komende	O
zes	O
weken	O
nog	O
in	O
het	O
plan	O
van	O
aanpak	O
kan	O
verwerken	O
.	O
De	O
raad	O
zou	O
de	O
wethouder	O
een	O
duidelijke	O
motie	O
kunnen	O
meegeven	O
,	O
waarin	O
wordt	O
gesteld	O
dat	O
de	O
wethouder	O
de	O
genoemde	O
punten	O
in	O
het	O
plan	O
van	O
aanpak	O
zal	O
moeten	O
verwerken	O
.	O
Hij	O
herhaalt	O
dat	O
het	O
hem	O
erom	O
gaat	O
dat	O
organisaties	O
,	O
scholen	O
e.d	O
.	O
die	O
bij	O
de	O
gemeente	O
huren	O
,	O
kunnen	O
aankloppen	O
bij	O
de	O
gemeente	O
als	O
zij	O
bijvoorbeeld	O
TL-verlichting	O
willen	O
vervangen	O
door	O
LED-verlichting	O
,	O
omdat	O
zij	O
daarmee	O
hun	O
energiekosten	O
kunnen	O
verlagen	O
.	O
Kan	O
het	O
georganiseerd	O
worden	O
dat	O
de	O
gemeente	O
in	O
zulke	O
gevallen	O
zegt	O
dat	O
ze	O
zal	O
bekijken	O
of	O
dat	O
geregeld	O
kan	O
worden	O
?	O
Op	O
dit	O
moment	O
krijgen	O
zij	O
te	O
horen	O
:	O
wacht	O
u	O
even	O
af	O
,	O
want	O
over	O
een	O
aantal	O
jaren	O
gaan	O
we	O
het	O
hele	O
gebouw	O
verbouwen	O
en	O
dan	O
gaan	O
we	O
dergelijke	O
maatregelen	O
doorvoeren	O
.	O
Daar	O
zijn	O
die	O
scholen	O
en	O
organisaties	O
nu	O
niet	O
mee	O
geholpen	O
.	O
De	O
heer	O
Van	B-PER
Heuven	E-PER
(	O
PvdD	O
)	O
stelt	O
dat	O
het	O
klimaat	O
oncontroleerbaar	O
opwarmt	O
.	O
De	O
gemeente	O
moet	O
dan	O
het	O
goede	O
voorbeeld	O
geven	O
bij	O
het	O
tegengaan	O
van	O
een	O
klimaatcrisis	O
.	O
Toch	O
faalt	O
Utrecht	O
jammerlijk	O
bij	O
het	O
verduurzamen	O
van	O
de	O
eigen	O
gebouwen	O
,	O
zo	O
oordeelt	O
de	O
Rekenkamer	O
.	O
In	O
de	O
commissie	O
zei	O
de	O
wethouder	O
dat	O
hij	O
wel	O
wil	O
verduurzamen	O
,	O
maar	O
dat	O
het	O
verduurzamen	O
van	O
het	O
eigen	O
vastgoed	O
ingewikkeld	O
is	O
en	O
geld	O
kost	O
.	O
De	O
wethouder	O
zei	O
in	O
de	O
commissie	O
ook	O
dat	O
er	O
begin	O
2023	O
een	O
plan	O
komt	O
,	O
waarin	O
hij	O
ook	O
zal	O
terugkomen	O
op	O
de	O
vraag	O
of	O
alles	O
in	O
2040	O
wel	O
energieneutraal	O
kan	O
zijn	O
.	O
Daarmee	O
lijkt	O
hij	O
dus	O
doelstellingen	O
terzijde	O
te	O
schuiven	O
.	O
De	O
PvdD	O
vindt	O
dat	O
onacceptabel	O
.	O
De	O
PvdD	O
wil	O
aan	O
het	O
genoemde	O
plan	O
wel	O
enige	O
richting	O
geven	O
.	O
Wat	O
de	O
PvdD	O
betreft	O
is	O
gemeentelijk	O
vastgoed	O
wél	O
energieneutraal	O
in	O
2040	O
,	O
liefst	O
sneller	O
.	O
Dat	O
kost	O
geld	O
en	O
dat	O
is	O
ingewikkeld	O
,	O
maar	O
als	O
er	O
tijdens	O
de	O
coronacrisis	O
financiële	O
spelregels	O
aangepast	O
worden	O
,	O
zoals	O
aanpassing	O
van	O
het	O
weerstandsvermogen	O
,	O
dan	O
moet	O
dat	O
ook	O
kunnen	O
als	O
het	O
gaat	O
om	O
de	O
klimaatcrisis	O
.	O
Voordeel	O
daarvan	O
is	O
dat	O
door	O
het	O
energieneutraal	O
maken	O
tegelijk	O
bespaard	O
wordt	O
op	O
de	O
steeds	O
hoger	O
wordende	O
energiekosten	O
van	O
de	O
gemeentelijke	O
gebouwen	O
.	O
Daarom	O
dient	O
hij	O
motie	O
230	O
in	O
(	O
Verduurzaam	O
gemeentelijk	O
vastgoed	O
)	O
,	O
samen	O
met	O
Volt	O
,	O
EenUtrecht	O
en	O
BIJ1	O
,	O
waarin	O
het	O
college	O
wordt	O
opgeroepen	O
om	O
koersvast	O
te	O
blijven	O
en	O
in	O
het	O
in	O
2023	O
verschijnende	O
plan	O
in	O
te	O
zetten	O
op	O
energieneutraal	O
en	O
dus	O
fossielvrij	O
gemeentelijk	O
vastgoed	O
,	O
uiterlijk	O
in	O
2040	O
,	O
zo	O
mogelijk	O
eerder	O
.	O
Mevrouw	O
Assen	S-PER
(	O
PvdA	O
)	O
vindt	O
dat	O
de	O
heer	O
Van	B-PER
Heuven	E-PER
toch	O
een	O
beetje	O
selectief	O
shopt	O
in	O
het	O
rapport	O
van	O
de	O
Rekenkamer	O
.	O
Die	O
geeft	O
immers	O
aan	O
dat	O
bepaalde	O
doelen	O
niet	O
haalbaar	O
zijn	O
.	O
Een	O
reflectie	O
daarop	O
zou	O
passend	O
zijn	O
.	O
Raadsvergadering	O
van	O
15	O
september	O
2022	O
9	O
De	O
heer	O
Van	B-PER
Heuven	E-PER
(	O
PvdD	O
)	O
stelt	O
dat	O
men	O
voor	O
de	O
grote	O
opgave	O
staat	O
om	O
de	O
klimaatcrisis	O
te	O
bestrijden	O
.	O
De	O
gemeente	O
heeft	O
gemeentelijk	O
vastgoed	O
dat	O
te	O
verduurzamen	O
is	O
.	O
Ze	O
kan	O
daarin	O
dus	O
een	O
rol	O
spelen	O
.	O
Dat	O
ligt	O
binnen	O
de	O
invloedssfeer	O
van	O
de	O
raad	O
.	O
Als	O
er	O
technische	O
redenen	O
zijn	O
op	O
grond	O
waarvan	O
een	O
pand	O
niet	O
energieneutraal	O
gemaakt	O
kan	O
worden	O
,	O
dan	O
zou	O
daarin	O
geïnvesteerd	O
moeten	O
worden	O
om	O
dat	O
pand	O
wél	O
energieneutraal	O
te	O
maken	O
.	O
Mevrouw	O
Assen	S-PER
(	O
PvdA	O
)	O
denkt	O
dat	O
het	O
lonender	O
is	O
om	O
meer	O
panden	O
sneller	O
bijna	O
energieneutraal	O
te	O
maken	O
,	O
dan	O
te	O
focussen	O
op	O
het	O
helemaal	O
energieneutraal	O
maken	O
van	O
alle	O
panden	O
.	O
De	O
heer	O
Van	B-PER
Heuven	E-PER
(	O
PvdD	O
)	O
stelt	O
dat	O
het	O
zaak	O
is	O
om	O
zo	O
snel	O
mogelijk	O
van	O
alle	O
fossiele	O
brandstoffen	O
af	O
te	O
komen	O
.	O
Waarom	O
zou	O
men	O
dan	O
op	O
een	O
bepaald	O
punt	O
stoppen	O
?	O
Het	O
lijkt	O
hem	O
geen	O
goed	O
idee	O
dat	O
er	O
in	O
2040	O
in	O
een	O
aantal	O
gebouwen	O
nog	O
5%	O
aardgas	O
nodig	O
is	O
omdat	O
de	O
gemeente	O
niet	O
goed	O
geïnvesteerd	O
heeft	O
.	O
De	O
heer	O
Van	B-PER
Vliet	E-PER
(	O
D66	O
)	O
dankt	O
de	O
Rekenkamer	O
voor	O
het	O
rapport	O
.	O
Zijn	O
fractie	O
onderschrijft	O
alle	O
aanbevelingen	O
.	O
Ze	O
heeft	O
nog	O
overwogen	O
een	O
amendement	O
in	O
te	O
dienen	O
om	O
voor	O
de	O
komende	O
winter	O
stappen	O
te	O
zetten	O
om	O
Utrechtse	O
vastgoedpanden	O
op	O
een	O
lagere	O
temperatuur	O
in	O
te	O
stellen	O
en	O
isolatie	O
aan	O
te	O
brengen	O
.	O
Dit	O
blijkt	O
echter	O
lastig	O
,	O
omdat	O
de	O
gemeente	O
de	O
huurders	O
niet	O
kan	O
dwingen	O
deze	O
stappen	O
te	O
nemen	O
.	O
Hij	O
vraagt	O
zowel	O
de	O
Rekenkamer	O
als	O
het	O
college	O
of	O
de	O
analyse	O
klopt	O
dat	O
men	O
deze	O
stap	O
niet	O
kan	O
nemen	O
.	O
Kan	O
de	O
wethouder	O
toezeggen	O
dat	O
dit	O
wel	O
gerealiseerd	O
wordt	O
in	O
de	O
panden	O
waar	O
dit	O
wel	O
kan	O
?	O
Tot	O
slot	O
de	O
volgende	O
vraag	O
aan	O
de	O
Rekenkamer	O
en	O
de	O
wethouder	O
:	O
klopt	O
het	O
dat	O
verduurzaming	O
nu	O
gekoppeld	O
wordt	O
aan	O
de	O
normale	O
onderhoudscyclus	O
van	O
vastgoed	O
en	O
dat	O
dit	O
mede	O
de	O
oorzaak	O
is	O
van	O
het	O
niet	O
halen	O
van	O
de	O
duurzaamheidsdoelstellingen	O
?	O
Zou	O
het	O
dan	O
kunnen	O
helpen	O
om	O
deze	O
cyclus	O
te	O
doorbreken	O
door	O
de	O
landelijke	O
wetgeving	O
te	O
volgen	O
,	O
die	O
zegt	O
dat	O
elke	O
verduurzaming	O
die	O
zich	O
binnen	O
vijf	O
jaar	O
terugverdient	O
,	O
gerealiseerd	O
moet	O
worden	O
?	O
Mevrouw	O
Zwinkels	S-PER
(	O
CDA	O
)	O
merkt	O
op	O
dat	O
haar	O
fractie	O
in	O
de	O
commissie	O
heeft	O
begrepen	O
dat	O
de	O
basis	O
niet	O
op	O
orde	O
is	O
.	O
Dat	O
is	O
kwalijk	O
,	O
zeker	O
als	O
de	O
gemeente	O
het	O
goede	O
voorbeeld	O
wil	O
geven	O
.	O
Haar	O
fractie	O
zal	O
de	O
motie	O
van	O
de	O
VVD	O
steunen	O
en	O
wacht	O
het	O
antwoord	O
van	O
het	O
college	O
op	O
de	O
motie	O
van	O
de	O
PvdD	O
af	O
.	O
Mevrouw	O
Assen	S-PER
(	O
PvdA	O
)	O
merkt	O
op	O
dat	O
de	O
conclusies	O
in	O
het	O
Rekenkamerrapport	O
er	O
niet	O
om	O
liegen	O
.	O
Het	O
is	O
goed	O
dat	O
de	O
wethouder	O
alle	O
aanbevelingen	O
overneemt	O
,	O
want	O
het	O
is	O
hard	O
nodig	O
om	O
meer	O
voortgang	O
te	O
boeken	O
met	O
de	O
verduurzamingsopgave	O
.	O
Het	O
is	O
goed	O
dat	O
de	O
raad	O
tijdig	O
wordt	O
geïnformeerd	O
als	O
de	O
gemeente	O
op	O
dit	O
punt	O
achterblijft	O
,	O
want	O
dat	O
is	O
cruciaal	O
om	O
te	O
kunnen	O
sturen	O
.	O
Daarom	O
vraagt	O
ze	O
de	O
wethouder	O
toe	O
te	O
zeggen	O
om	O
de	O
raad	O
jaarlijks	O
te	O
informeren	O
over	O
de	O
stand	O
van	O
zaken	O
rond	O
de	O
uitvoering	O
van	O
alle	O
aanbevelingen	O
van	O
de	O
Rekenkamer	O
,	O
en	O
daarmee	O
te	O
beginnen	O
,	O
indien	O
haalbaar	O
,	O
in	O
Q2	O
2023	O
.	O
Het	O
is	O
belangrijk	O
dat	O
er	O
ambitieuze	O
én	O
haalbare	O
doelen	O
gesteld	O
worden	O
.	O
Dat	O
zou	O
kunnen	O
betekenen	O
dat	O
het	O
in	O
bepaalde	O
situaties	O
raadzaam	O
kan	O
zijn	O
om	O
eerst	O
te	O
kiezen	O
voor	O
bijna	O
energieneutraal	O
,	O
voordat	O
wordt	O
overgegaan	O
tot	O
volledig	O
energieneutraal	O
.	O
Maar	O
de	O
raad	O
moet	O
daar	O
dan	O
wel	O
over	O
geïnformeerd	O
worden	O
,	O
zodat	O
de	O
raad	O
daar	O
zo	O
nodig	O
op	O
kan	O
sturen	O
.	O
Mevrouw	O
Bode	S-PER
(	O
Volt	O
)	O
merkt	O
op	O
dat	O
Volt	O
vindt	O
dat	O
Utrecht	O
een	O
voorbeeld	O
moet	O
en	O
kan	O
zijn	O
op	O
het	O
gebied	O
van	O
klimaat	O
en	O
energietransitie	O
.	O
Het	O
Rekenkamerrapport	O
toont	O
helaas	O
aan	O
dat	O
de	O
gemeente	O
er	O
Raadsvergadering	O
van	O
15	O
september	O
2022	O
10	O
ook	O
op	O
het	O
punt	O
van	O
de	O
verduurzaming	O
van	O
het	O
eigen	O
vastgoed	O
nog	O
niet	O
is	O
.	O
Daarom	O
is	O
Volt	O
blij	O
dat	O
het	O
college	O
alle	O
aanbevelingen	O
overneemt	O
.	O
Ze	O
benadrukt	O
dat	O
er	O
tempo	O
gemaakt	O
moet	O
worden	O
,	O
want	O
de	O
klimaatverandering	O
wacht	O
niet	O
.	O
Volt	O
steunt	O
daarom	O
de	O
beide	O
ingediende	O
moties	O
.	O
De	O
heer	O
Dekkers	S-PER
(	O
GroenLinks	O
)	O
stelt	O
dat	O
de	O
gemeente	O
behoorlijk	O
grote	O
ambities	O
heeft	O
,	O
dat	O
de	O
onrendabele	O
top	O
het	O
probleem	O
is	O
en	O
dat	O
de	O
organisatie	O
een	O
en	O
ander	O
niet	O
goed	O
aankan	O
.	O
Daarom	O
vindt	O
zijn	O
fractie	O
het	O
niet	O
verstandig	O
om	O
er	O
nu	O
weer	O
ambities	O
bovenop	O
te	O
leggen	O
.	O
Het	O
is	O
verstandiger	O
om	O
te	O
wachten	O
op	O
het	O
plan	O
van	O
aanpak	O
dat	O
over	O
zes	O
weken	O
verschijnt	O
en	O
het	O
plan	O
dat	O
in	O
het	O
voorjaar	O
zal	O
volgen	O
.	O
Op	O
basis	O
daarvan	O
kan	O
dan	O
bekeken	O
worden	O
wat	O
precies	O
aan	O
ambities	O
en	O
organisatiekracht	O
moet	O
worden	O
bijgesteld	O
.	O
De	O
heer	O
Van	B-PER
Heuven	E-PER
(	O
PvdD	O
)	O
stelt	O
vast	O
dat	O
er	O
een	O
dikke	O
vette	O
klimaatcrisis	O
gaande	O
is	O
.	O
De	O
ambities	O
moeten	O
daarom	O
niet	O
worden	O
bijgesteld	O
,	O
maar	O
juist	O
worden	O
opgeschroefd	O
.	O
De	O
heer	O
Dekkers	S-PER
(	O
GroenLinks	O
)	O
vindt	O
dat	O
de	O
ambities	O
inderdaad	O
hoog	O
moeten	O
zijn	O
.	O
De	O
terugverdientijd	O
zou	O
bijvoorbeeld	O
in	O
plaats	O
van	O
vijf	O
jaar	O
ook	O
zeven	O
of	O
tien	O
jaar	O
kunnen	O
zijn	O
,	O
zoals	O
ook	O
in	O
andere	O
gemeenten	O
het	O
geval	O
is	O
.	O
Maar	O
zijn	O
fractie	O
vindt	O
het	O
wel	O
heel	O
belangrijk	O
dat	O
er	O
niet	O
een	O
plan	O
gemaakt	O
wordt	O
waarvan	O
over	O
een	O
paar	O
jaar	O
weer	O
moet	O
worden	O
vastgesteld	O
dat	O
het	O
onhaalbaar	O
is	O
.	O
De	O
ambities	O
moeten	O
hoog	O
,	O
maar	O
wel	O
realistisch	O
zijn	O
.	O
Het	O
moet	O
nu	O
niet	O
ingewikkelder	O
gemaakt	O
worden	O
door	O
er	O
allerlei	O
andere	O
dingen	O
in	O
te	O
fietsen	O
.	O
De	O
heer	O
Van	B-PER
Heuven	E-PER
(	O
PvdD	O
)	O
stelt	O
dat	O
de	O
gevolgen	O
van	O
de	O
klimaatcrisis	O
zichtbaar	O
zijn	O
,	O
ook	O
deze	O
zomer	O
weer	O
.	O
Dan	O
moet	O
er	O
toch	O
geen	O
water	O
bij	O
de	O
wijn	O
gedaan	O
worden	O
?	O
De	O
heer	O
Dekkers	S-PER
(	O
GroenLinks	O
)	O
antwoordt	O
dat	O
GroenLinks	O
geen	O
water	O
bij	O
de	O
wijn	O
wil	O
doen	O
.	O
Ze	O
wil	O
dat	O
er	O
heel	O
klare	O
wijn	O
gemaakt	O
wordt	O
.	O
Maar	O
de	O
ambities	O
die	O
worden	O
gesteld	O
,	O
moeten	O
ook	O
gerealiseerd	O
kunnen	O
worden	O
.	O
De	O
heer	O
Van	B-PER
Heuven	E-PER
(	O
PvdD	O
)	O
stelt	O
vast	O
dat	O
GroenLinks	O
halfbakken	O
wijn	O
voorstelt	O
.	O
Daarmee	O
wordt	O
de	O
energiecrisis	O
niet	O
bestreden	O
,	O
maar	O
wordt	O
in	O
2040	O
niet-energieneutraal	O
vastgoed	O
opgeleverd	O
.	O
Dat	O
is	O
blijkbaar	O
de	O
doelstelling	O
van	O
GroenLinks	O
.	O
De	O
heer	O
Dekkers	S-PER
(	O
GroenLinks	O
)	O
herhaalt	O
dat	O
GroenLinks	O
een	O
heel	O
ambitieuze	O
aanpak	O
van	O
de	O
problematiek	O
nastreeft	O
.	O
De	O
gemeente	O
moet	O
op	O
dit	O
punt	O
het	O
voorbeeld	O
geven	O
.	O
Maar	O
GroenLinks	O
wil	O
ook	O
dat	O
het	O
daarvoor	O
benodigde	O
geld	O
georganiseerd	O
wordt	O
en	O
dat	O
de	O
organisatie	O
zo	O
krachtig	O
is	O
dat	O
ze	O
de	O
ambities	O
kan	O
waarmaken	O
.	O
GroenLinks	O
wil	O
daar	O
nu	O
niet	O
op	O
vooruitlopen	O
met	O
allerlei	O
voorstellen	O
.	O
De	O
heer	O
Sungur	S-PER
(	O
DENK	O
)	O
vraagt	O
de	O
heer	O
Dekkers	S-PER
of	O
het	O
niet	O
gewoon	O
gaat	O
om	O
politieke	O
keuzes	O
.	O
De	O
heer	O
Dekkers	S-PER
(	O
GroenLinks	O
)	O
beaamt	O
dat	O
.	O
Maar	O
het	O
blijkt	O
dat	O
de	O
dingen	O
die	O
de	O
gemeente	O
wilde	O
doen	O
niet	O
haalbaar	O
bleken	O
,	O
onder	O
meer	O
omdat	O
de	O
organisatie	O
dat	O
niet	O
aankon	O
.	O
Er	O
is	O
tijd	O
nodig	O
om	O
te	O
zorgen	O
dat	O
de	O
organisatie	O
in	O
staat	O
is	O
om	O
de	O
ambities	O
waar	O
te	O
maken	O
.	O
Het	O
Rekenkamerrapport	O
heet	O
niet	O
voor	O
niets	O
Onbegonnen	O
werk	O
.	O
Er	O
valt	O
inderdaad	O
iets	O
te	O
repareren	O
.	O
Mevrouw	O
Chirino	S-PER
(	O
ChristenUnie	O
)	O
merkt	O
op	O
dat	O
er	O
ongelofelijk	O
veel	O
werk	O
te	O
verzetten	O
is	O
ten	O
behoeve	O
van	O
het	O
verduurzamen	O
van	O
het	O
vastgoed	O
.	O
Er	O
ligt	O
ook	O
een	O
opgave	O
om	O
de	O
organisatie	O
op	O
de	O
rit	O
te	O
Raadsvergadering	O
van	O
15	O
september	O
2022	O
11	O
krijgen	O
.	O
De	O
wethouder	O
heeft	O
in	O
de	O
commissie	O
aangegeven	O
hier	O
graag	O
de	O
tanden	O
in	O
te	O
zetten	O
.	O
Daar	O
zal	O
haar	O
fractie	O
scherp	O
op	O
blijven	O
.	O
Haar	O
oproep	O
aan	O
college	O
en	O
raad	O
is	O
om	O
eerlijk	O
en	O
scherp	O
te	O
zijn	O
bij	O
het	O
stellen	O
en	O
het	O
waarmaken	O
van	O
de	O
ambities	O
.	O
De	O
heer	O
De	B-PER
Vries	E-PER
(	O
wethouder	O
)	O
begint	O
met	O
een	O
reactie	O
op	O
motie	O
229	O
(	O
Versneld	O
verduurzamen	O
)	O
.	O
Hij	O
kan	O
toezeggen	O
dat	O
het	O
college	O
het	O
gevraagde	O
in	O
de	O
eerste	O
vier	O
punten	O
zal	O
gaan	O
doen	O
.	O
Hij	O
vindt	O
het	O
belangrijk	O
om	O
ook	O
te	O
benoemen	O
dat	O
de	O
gemeente	O
het	O
goede	O
voorbeeld	O
geeft	O
bij	O
het	O
verduurzamen	O
van	O
haar	O
vastgoed	O
,	O
juist	O
ook	O
gelet	O
op	O
de	O
tijd	O
die	O
eraan	O
komt	O
.	O
Er	O
kan	O
actief	O
gestuurd	O
worden	O
op	O
het	O
installeren	O
van	O
LED-verlichting	O
of	O
het	O
verlagen	O
van	O
de	O
temperatuur	O
.	O
Daarover	O
kan	O
het	O
gesprek	O
met	O
de	O
huurders	O
worden	O
aangegaan	O
.	O
Bij	O
de	O
panden	O
die	O
de	O
gemeente	O
in	O
bezit	O
heeft	O
,	O
is	O
dat	O
makkelijker	O
te	O
bereiken	O
.	O
Huurders	O
zullen	O
actief	O
worden	O
meegenomen	O
en	O
geïnformeerd	O
.	O
Daarnaast	O
wordt	O
er	O
nagedacht	O
over	O
hoe	O
de	O
hogere	O
kosten	O
eventueel	O
gecompenseerd	O
kunnen	O
worden	O
.	O
Het	O
gevraagde	O
in	O
het	O
vijfde	O
punt	O
is	O
meer	O
organisatorisch	O
van	O
aard	O
.	O
Qua	O
bemensing	O
en	O
ook	O
financieel	O
is	O
dit	O
een	O
lastig	O
punt	O
.	O
De	O
heer	O
Te	B-PER
Hoonte	E-PER
(	O
VVD	O
)	O
deelt	O
mee	O
dat	O
motie	O
229	O
kan	O
worden	O
ingetrokken	O
na	O
de	O
toezegging	O
van	O
de	O
wethouder	O
.	O
De	O
heer	O
De	B-PER
Vries	E-PER
(	O
wethouder	O
)	O
stelt	O
voor	O
dat	O
het	O
plan	O
van	O
aanpak	O
nog	O
even	O
wordt	O
afgewacht	O
.	O
Hij	O
hoopt	O
dat	O
het	O
rapport	O
vandaag	O
vastgesteld	O
kan	O
worden	O
.	O
Na	O
zes	O
weken	O
volgt	O
er	O
dan	O
een	O
plan	O
van	O
aanpak	O
.	O
Daarin	O
zal	O
de	O
raad	O
worden	O
meegenomen	O
in	O
een	O
aantal	O
ontwikkelingen	O
en	O
de	O
wijze	O
waarop	O
het	O
college	O
daarnaar	O
kijkt	O
.	O
Moeten	O
zaken	O
worden	O
aangepakt	O
op	O
natuurlijke	O
momenten	O
of	O
op	O
andere	O
momenten	O
?	O
Wordt	O
er	O
gekozen	O
voor	O
energieneutraal	O
of	O
bijna	O
energieneutraal	O
?	O
Ook	O
wordt	O
bekeken	O
of	O
er	O
een	O
methodiek	O
kan	O
worden	O
ontwikkeld	O
die	O
gericht	O
is	O
op	O
CO2-besparing	O
.	O
De	O
keuzes	O
die	O
gemaakt	O
worden	O
,	O
hebben	O
uiteraard	O
financiële	O
consequenties	O
.	O
Op	O
grond	O
van	O
het	O
voorgaande	O
wil	O
hij	O
motie	O
230	O
(	O
Verduurzaam	O
gemeentelijk	O
vastgoed	O
)	O
afwijzen	O
.	O
Zijn	O
voorstoel	O
is	O
om	O
te	O
wachten	O
op	O
het	O
plan	O
van	O
aanpak	O
dat	O
over	O
zes	O
weken	O
zal	O
verschijnen	O
.	O
De	O
heer	O
Van	B-PER
Heuven	E-PER
(	O
PvdD	O
)	O
vraagt	O
welke	O
doelstelling	O
het	O
plan	O
zal	O
hebben	O
.	O
In	O
de	O
commissie	O
,	O
en	O
ook	O
zojuist	O
weer	O
,	O
zwakte	O
de	O
wethouder	O
de	O
oorspronkelijke	O
doelstellingen	O
een	O
beetje	O
af	O
.	O
Met	O
motie	O
230	O
wordt	O
juist	O
getracht	O
de	O
oorspronkelijke	O
doelstelling	O
te	O
handhaven	O
.	O
De	O
heer	O
De	B-PER
Vries	E-PER
(	O
wethouder	O
)	O
antwoordt	O
dat	O
nu	O
eerst	O
zal	O
moeten	O
worden	O
bekeken	O
in	O
hoeverre	O
de	O
doelstellingen	O
haalbaar	O
en	O
betaalbaar	O
zijn	O
.	O
Uitvoering	O
van	O
motie	O
230	O
kost	O
geld	O
,	O
dat	O
eerst	O
vrijgemaakt	O
zal	O
moeten	O
worden	O
.	O
Hij	O
kan	O
op	O
dit	O
moment	O
dus	O
niet	O
met	O
de	O
motie	O
meegaan	O
.	O
De	O
panden	O
waar	O
de	O
gemeente	O
zelf	O
huurder	O
van	O
is	O
,	O
kunnen	O
nu	O
al	O
worden	O
aangepakt	O
.	O
De	O
huurders	O
worden	O
in	O
het	O
proces	O
meegenomen	O
en	O
actief	O
geïnformeerd	O
,	O
omdat	O
die	O
het	O
heel	O
moeilijk	O
zullen	O
krijgen	O
.	O
De	O
suggestie	O
van	O
de	O
PvdA-fractie	O
inzake	O
de	O
jaarlijkse	O
update	O
van	O
de	O
uitvoering	O
van	O
de	O
aanbevelingen	O
kan	O
hij	O
overnemen	O
.	O
Hij	O
zegt	O
toe	O
dat	O
de	O
raad	O
jaarlijks	O
zal	O
worden	O
geïnformeerd	O
.	O
In	O
Q2	O
2023	O
zal	O
worden	O
gestart	O
met	O
de	O
aanbevelingen	O
.	O
De	O
heer	O
Keulen	S-PER
(	O
lid	O
Rekenkamer	O
)	O
gaat	O
in	O
op	O
de	O
vraag	O
van	O
D66	O
of	O
het	O
wellicht	O
handiger	O
is	O
om	O
niet	O
vast	O
te	O
houden	O
aan	O
de	O
onderhoudscyclus	O
,	O
maar	O
die	O
te	O
doorbreken	O
en	O
met	O
kleine	O
aanpassingen	O
snel	O
resultaat	O
te	O
boeken	O
.	O
Dat	O
zou	O
heel	O
goed	O
kunnen	O
,	O
maar	O
dat	O
vraagt	O
wel	O
iets	O
.	O
Men	O
kan	O
pas	O
dit	O
soort	O
stappen	O
nemen	O
-	O
dat	O
staat	O
ook	O
centraal	O
in	O
het	O
rapport	O
-	O
als	O
er	O
daadwerkelijk	O
inzicht	O
is	O
in	O
de	O
Raadsvergadering	O
van	O
15	O
september	O
2022	O
12	O
beschikbare	O
middelen	O
en	O
in	O
de	O
stappen	O
die	O
men	O
wil	O
gaan	O
zetten	O
