Tweede	O
Kamer	O
der	O
Staten-Generaal	O
2	O
Vergaderjaar	O
2021–2022	O
Aanhangsel	O
van	O
de	O
Handelingen	O
Vragen	O
gesteld	O
door	O
de	O
leden	O
der	O
Kamer	O
,	O
met	O
de	O
daarop	O
door	O
de	O
regering	O
gegeven	O
antwoorden	O
2930	O
Vragen	O
van	O
de	O
leden	O
Azarkan	S-PER
(	O
DENK	O
)	O
en	O
Sylvana	B-PER
Simons	E-PER
(	O
BIJ1	O
)	O
aan	O
de	O
Minister	O
van	O
Justitie	O
en	O
Veiligheid	O
over	O
de	O
discriminerende	O
rapportages	O
van	O
de	O
NCTV	O
(	O
ingezonden	O
4	O
mei	O
2022	O
)	O
.	O
Antwoord	O
van	O
Minister	O
Yes¸ilgöz-Zegerius	S-PER
(	O
Justitie	O
en	O
Veiligheid	O
)	O
(	O
ontvangen	O
31	O
mei	O
2022	O
)	O
.	O
Zie	O
ook	O
Aanhangsel	O
Handelingen	O
,	O
vergaderjaar	O
2021–2022	O
,	O
nr.	O
2855	O
.	O
Vraag	O
1	O
,	O
2	O
en	O
3	O
Bent	O
u	O
op	O
de	O
hoogte	O
van	O
de	O
discriminerende	O
rapportages	O
van	O
de	O
Nationaal	O
Coordinator	O
Terrorismebestrijding	O
en	O
Veiligheid	O
(	O
NCTV	O
)	O
,	O
waarin	O
bepaalde	O
politieke	O
partijen	O
zoals	O
DENK	O
en	O
BIJ1	O
worden	O
onderzocht	O
?	O
1	O
Deelt	O
u	O
de	O
mening	O
dat	O
het	O
niet	O
de	O
taak	O
is	O
van	O
het	O
NCTV	O
allerlei	O
stigmatise-	O
rende	O
(	O
voor	O
)oordelen	O
te	O
plakken	O
op	O
bepaalde	O
politieke	O
stromingen	O
en	O
partijen	O
in	O
Nederland	O
?	O
Deelt	O
u	O
de	O
mening	O
dat	O
dit	O
niet	O
tot	O
het	O
takenpakket	O
van	O
de	O
NCTV	O
hoort	O
?	O
Zo	O
nee	O
,	O
waarom	O
niet	O
?	O
Antwoord	O
1	O
,	O
2	O
en	O
3	O
Ja	O
Vraag	O
4	O
Hoe	O
is	O
de	O
NCTV	O
hiertoe	O
gekomen	O
?	O
Wie	O
heeft	O
de	O
NCTV	O
hiertoe	O
opdracht	O
gegeven	O
?	O
Antwoord	O
4	O
Het	O
delen	O
van	O
kennis	O
en	O
expertise	O
over	O
fenomenen	O
(	O
zoals	O
extreemrechts	O
of	O
accelerationisme	O
)	O
en	O
maatschappelijke	O
ontwikkelingen	O
die	O
relevant	O
zijn	O
voor	O
de	O
nationale	O
veiligheid	O
is	O
een	O
belangrijke	O
taak	O
voor	O
de	O
NCTV	O
.	O
Om	O
zijn	O
werk	O
goed	O
te	O
kunnen	O
doen	O
,	O
is	O
het	O
daarom	O
belangrijk	O
dat	O
de	O
NCTV	O
vroegtijdig	O
zicht	O
heeft	O
op	O
wat	O
er	O
leeft	O
,	O
of	O
soms	O
broeit	O
,	O
in	O
de	O
samenleving	O
.	O
Om	O
dergelijke	O
ontwikkelingen	O
op	O
het	O
gebied	O
van	O
nationale	O
veiligheid	O
te	O
kunnen	O
signaleren	O
,	O
duiden	O
en	O
tot	O
een	O
geïntegreerd	O
beeld	O
te	O
komen	O
,	O
is	O
bij	O
de	O
oprichting	O
van	O
de	O
NCTV	O
(	O
2005-2011	O
genaamd	O
NCTb	O
)	O
voorzien	O
in	O
een	O
verantwoordelijkheid	O
hiertoe	O
.	O
De	O
NCTV	O
kreeg	O
naast	O
een	O
functie	O
voor	O
het	O
coördineren	O
op	O
het	O
gebied	O
1	O
https://www.nrc.nl/nieuws/2022/05/02/nctv-waarschuwde-jaren-voor-polariserende-politieke-	O
partijen-a4119961	O
ah-tk-20212022-2930	O
ISSN	O
921	O
-	O
7398	O
’	O
s-Gravenhage	O
2022	O
Tweede	O
Kamer	O
,	O
vergaderjaar	O
2021–2022	O
,	O
Aanhangsel	O
1	O
van	O
nationale	O
veiligheid	O
,	O
ook	O
de	O
verantwoordelijkheid	O
om	O
te	O
komen	O
tot	O
integrale	O
analyses	O
die	O
relevant	O
zijn	O
voor	O
de	O
nationale	O
veiligheid	O
.	O
Dit	O
is	O
opgenomen	O
in	O
het	O
Organisatiebesluit	O
van	O
het	O
Ministerie	O
van	O
Justitie	O
en	O
Veiligheid	O
.	O
Om	O
samenwerkingspartners	O
bewust	O
te	O
maken	O
van	O
(	O
mogelijk	O
)	O
zorgwekkende	O
ontwikkelingen	O
en	O
actuele	O
gebeurtenissen	O
in	O
de	O
samenleving	O
,	O
maakte	O
de	O
NCTV	O
tot	O
maart	O
2021	O
Weekberichten	O
Internetmonitoring	O
.	O
De	O
ontvangers	O
,	O
bijvoorbeeld	O
beleidsmedewerkers	O
van	O
gemeenten	O
,	O
konden	O
die	O
Weekberichten	O
gebruiken	O
om	O
inzichten	O
op	O
te	O
doen	O
rond	O
thema’s	O
die	O
relevant	O
waren	O
voor	O
de	O
nationale	O
veiligheid	O
.	O
De	O
NCTV	O
stelde	O
deze	O
Weekberichten	O
niet	O
op	O
in	O
politieke	O
opdracht	O
van	O
het	O
Kabinet	O
of	O
de	O
Minister	O
van	O
Justitie	O
en	O
Veiligheid	O
.	O
Voor	O
het	O
opstellen	O
van	O
Weekberichten	O
werd	O
gebruik	O
gemaakt	O
van	O
open	O
bronnen	O
die	O
voor	O
een	O
ieder	O
toegankelijk	O
zijn	O
als	O
krantenberichten	O
,	O
weten-	O
schappelijke	O
verhandelingen	O
en	O
open	O
online	O
bronnen	O
,	O
zoals	O
Twitterberichten	O
.	O
Hierbij	O
kwamen	O
ook	O
openbare	O
uitingen	O
van	O
relevante	O
personen	O
die	O
veel	O
aandacht	O
kregen	O
en	O
tot	O
discussies	O
leiden	O
,	O
in	O
beeld	O
.	O
Zo	O
is	O
ook	O
een	O
aantal	O
Kamerleden	O
genoemd	O
in	O
die	O
Weekbericht	O
en	O
.	O
In	O
een	O
aantal	O
Weekberichten	O
klonken	O
normatieve	O
stellingnames	O
door	O
over	O
Kamerleden	O
.	O
Dat	O
had	O
niet	O
gemoeten	O
.	O
Analyses	O
en	O
duidingen	O
moeten	O
feitelijk	O
van	O
aard	O
zijn	O
en	O
gericht	O
zijn	O
op	O
relevante	O
ontwikkelingen	O
voor	O
de	O
nationale	O
veiligheid	O
.	O
Hierin	O
is	O
geen	O
ruimte	O
voor	O
persoonlijke	O
meningen	O
,	O
zeker	O
niet	O
over	O
politici	O
.	O
Vraag	O
5	O
en	O
6	O
Klopt	O
het	O
dat	O
uw	O
voorganger	O
aan	O
de	O
Kamer	O
heeft	O
gemeld	O
dat	O
politieke	O
partijen	O
alleen	O
worden	O
gemonitord	O
met	O
het	O
oog	O
op	O
hun	O
eigen	O
veiligheid	O
?	O
Klopt	O
het	O
dus	O
dat	O
de	O
Kamer	O
verkeerd	O
is	O
geïnformeerd	O
?	O
Kunt	O
u	O
dit	O
uitleggen	O
en	O
welke	O
conclusies	O
verbindt	O
u	O
hieraan	O
?	O
Antwoord	O
5	O
en	O
6	O
De	O
NCTV	O
heeft	O
geen	O
bevoegdheid	O
om	O
politieke	O
partijen	O
te	O
monitoren	O
.	O
De	O
NCTV	O
monitort	O
dan	O
ook	O
geen	O
politici	O
en/of	O
politieke	O
partijen	O
in	O
het	O
kader	O
van	O
zijn	O
analysetaak	O
.	O
Naar	O
personen	O
in	O
het	O
Rijksdomein	O
,	O
waaronder	O
politici	O
,	O
kan	O
alleen	O
gekeken	O
worden	O
in	O
het	O
kader	O
van	O
het	O
stelsel	O
Bewaken	O
en	O
Beveiligen	O
,	O
waarbij	O
er	O
specifiek	O
gekeken	O
wordt	O
naar	O
de	O
concrete	O
en	O
voorstelbare	O
dreiging	O
jegens	O
deze	O
politici	O
.	O
Deze	O
taak	O
van	O
de	O
NCTV	O
is	O
specifiek	O
verankert	O
in	O
de	O
Politiewet	O
en	O
wordt	O
uitgevoerd	O
door	O
een	O
specifiek	O
hiertoe	O
uitgeruste	O
afdeling	O
binnen	O
de	O
NCTV	O
.	O
Daarnaast	O
kijkt	O
de	O
analysetak	O
van	O
de	O
NCTV	O
,	O
los	O
van	O
de	O
afdeling	O
die	O
zich	O
bezighoudt	O
met	O
Bewaken	O
en	O
Beveiligen	O
,	O
naar	O
trends	O
en	O
fenomenen	O
op	O
het	O
gebied	O
van	O
de	O
nationale	O
veiligheid	O
.	O
In	O
het	O
discours	O
dat	O
van	O
invloed	O
is	O
op	O
die	O
nationale	O
veiligheid	O
,	O
kunnen	O
ook	O
politici	O
voorkomen	O
die	O
over	O
een	O
onderwerp	O
iets	O
zeggen	O
in	O
de	O
media	O
of	O
op	O
sociale	O
media	O
.	O
In	O
dat	O
kader	O
kan	O
een	O
politicus	O
dus	O
ook	O
voorkomen	O
in	O
de	O
trends	O
fenomenen	O
die	O
de	O
NCTV	O
bekijkt	O
,	O
maar	O
dat	O
is	O
iets	O
anders	O
dan	O
het	O
gericht	O
monitoren	O
van	O
politici	O
en	O
politieke	O
partijen	O
.	O
Dit	O
is	O
naar	O
mijn	O
oordeel	O
in	O
lijn	O
met	O
wat	O
mijn	O
ambtsvoorganger	O
eerder	O
met	O
de	O
Kamer	O
heeft	O
besproken	O
.	O
Vraag	O
7	O
en	O
8	O
Klopt	O
het	O
dat	O
het	O
Kamerlid	O
Kuzu	S-PER
(	O
DENK	O
)	O
door	O
de	O
NCTV	O
is	O
gekenschetst	O
als	O
de	O
«	O
lange	O
arm	O
van	O
Turkije	O
»	O
?	O
Waarom	O
doet	O
de	O
NCTV	O
dit	O
soort	O
discriminerende	O
en	O
aanmatigende	O
uitspraken	O
?	O
Wat	O
zegt	O
dit	O
over	O
de	O
insteek	O
en	O
benadering	O
van	O
de	O
NCTV	O
?	O
Antwoord	O
7	O
en	O
8	O
Zoals	O
aangegeven	O
in	O
antwoord	O
op	O
vragen	O
1	O
,	O
2	O
en	O
3	O
vind	O
ik	O
dat	O
analyses	O
feitelijk	O
van	O
aard	O
dienen	O
te	O
zijn	O
.	O
De	O
Weekberichten	O
zoals	O
u	O
die	O
heeft	O
gezien	O
keren	O
dan	O
ook	O
niet	O
meer	O
terug	O
.	O
In	O
het	O
wetsvoorstel	O
dat	O
momenteel	O
in	O
behandeling	O
is	O
,	O
is	O
namelijk	O
vastgelegd	O
dat	O
de	O
analysetaak	O
van	O
de	O
NCTV	O
is	O
beperkt	O
tot	O
het	O
signaleren	O
,	O
analyseren	O
en	O
duiden	O
van	O
trends	O
en	O
fenomenen	O
op	O
het	O
gebied	O
van	O
terrorismebestrijding	O
en	O
nationale	O
veiligheid	O
.	O
Daarbij	O
is	O
expliciet	O
bepaald	O
dat	O
het	O
doen	O
van	O
onderzoek	O
dat	O
gericht	O
is	O
op	O
personen	O
en	O
organisaties	O
daar	O
niet	O
bij	O
hoort	O
.	O
Tweede	O
Kamer	O
,	O
vergaderjaar	O
2021–2022	O
,	O
Aanhangsel	O
2	O
Vraag	O
9	O
Deelt	O
u	O
de	O
mening	O
dat	O
het	O
niet	O
de	O
taak	O
van	O
de	O
NCTV	O
is	O
een	O
politieke	O
politie	O
te	O
spelen	O
,	O
die	O
niet	O
thuishoort	O
in	O
een	O
democratische	O
rechtsstaat	O
?	O
Zo	O
nee	O
,	O
waarom	O
niet	O
?	O
Antwoord	O
9	O
Ik	O
ben	O
van	O
mening	O
dat	O
er	O
geen	O
ruimte	O
is	O
in	O
Nederland	O
voor	O
een	O
politieke	O
politie	O
.	O
Naar	O
mijn	O
oordeel	O
speelt	O
de	O
NCTV	O
die	O
rol	O
ook	O
niet	O
.	O
Zoals	O
op	O
verschil-	O
lende	O
momenten	O
aangegeven	O
zijn	O
er	O
in	O
het	O
verleden	O
Weekberichten	O
versche-	O
nen	O
van	O
de	O
NCTV	O
die	O
niet	O
zo	O
opgesteld	O
hadden	O
moeten	O
worden	O
.	O
Sinds	O
maart	O
2021	O
worden	O
die	O
ook	O
niet	O
meer	O
gemaakt	O
.	O
Deze	O
Weekberichten	O
keren	O
dan	O
ook	O
niet	O
meer	O
terug	O
.	O
Dit	O
is	O
ook	O
geborgd	O
onder	O
het	O
nieuwe	O
wetsvoorstel	O
.	O
Vraag	O
10	O
Welke	O
informatie	O
is	O
er	O
verzameld	O
?	O
Hoe	O
krijgen	O
de	O
betrokken	O
Kamerleden	O
inzicht	O
hierin	O
?	O
Antwoord	O
10	O
Zoals	O
blijkt	O
uit	O
de	O
Weekberichten	O
zijn	O
open	O
bronnen	O
geraadpleegd	O
die	O
toegankelijk	O
zijn	O
voor	O
een	O
ieder	O
,	O
waaronder	O
sociale	O
media	O
en	O
internetfora	O
,	O
over	O
trends	O
en	O
ontwikkelingen	O
op	O
het	O
gebied	O
van	O
terrorisme	O
,	O
extremisme	O
,	O
radicalisering	O
en	O
polarisatie	O
.	O
Daarbij	O
zijn	O
ook	O
uitingen	O
van	O
een	O
beperkt	O
aantal	O
politici	O
in	O
beeld	O
gekomen	O
.	O
Dat	O
was	O
in	O
verreweg	O
de	O
meeste	O
gevallen	O
omdat	O
personen	O
in	O
de	O
samenleving	O
heftig	O
reageerden	O
op	O
die	O
uitingen	O
,	O
die	O
soms	O
zo	O
ver	O
gingen	O
dat	O
deze	O
in	O
(	O
doods	O
)	O
bedreigingen	O
uitmondden	O
.	O
In	O
een	O
beperkt	O
aantal	O
gevallen	O
worden	O
die	O
uitingen	O
verbonden	O
aan	O
mogelijke	O
effecten	O
op	O
polarisatie	O
en	O
radicalisering	O
in	O
de	O
Nederlandse	O
samenleving	O
.	O
Er	O
is	O
geen	O
andersoortige	O
persoonsgebonden	O
informatie	O
over	O
politici	O
verzameld	O
.	O
Kamerleden	O
die	O
dat	O
wensen	O
kunnen	O
inzage	O
krijgen	O
in	O
de	O
open	O
bronnen	O
waarin	O
zij	O
voorkomen	O
,	O
die	O
door	O
de	O
NCTV	O
zijn	O
verzameld	O
.	O
Iedere	O
burger	O
kan	O
dit	O
ook	O
,	O
door	O
het	O
doen	O
van	O
een	O
AVG-verzoek	O
.	O
Vraag	O
11	O
Op	O
basis	O
van	O
welke	O
wetten	O
en	O
regels	O
is	O
deze	O
informatie	O
verzameld	O
?	O
Antwoord	O
11	O
De	O
heersende	O
opvatting	O
was	O
tot	O
enkele	O
jaren	O
geleden	O
dat	O
er	O
voldoende	O
juridische	O
basis	O
voor	O
internetmonitoring	O
was	O
.	O
Die	O
grondslag	O
was	O
het	O
organisatiebesluit	O
van	O
het	O
Ministerie	O
van	O
JenV	O
.	O
Het	O
Organisatiebesluit	O
,	O
waarin	O
de	O
publieke	O
taak	O
van	O
de	O
NCTV	O
is	O
vastgelegd	O
,	O
is	O
gebaseerd	O
op	O
artikel	O
3	O
,	O
tweede	O
lid	O
,	O
van	O
het	O
Coördinatiebesluit	O
organisatie	O
,	O
bedrijfsvoering	O
en	O
informatiesyste-	O
men	O
rijksdienst	O
,	O
dat	O
weer	O
zijn	O
grondslag	O
vindt	O
in	O
artikel	O
44	O
van	O
de	O
Grondwet	O
(	O
dat	O
de	O
instelling	O
van	O
ministeries	O
regelt	O
)	O
.	O
Het	O
oordeel	O
was	O
dat	O
de	O
taak	O
internationaalrechtelijk	O
terug	O
te	O
voeren	O
was	O
op	O
de	O
taak	O
voor	O
de	O
NCTV	O
ook	O
terug	O
te	O
voeren	O
was	O
op	O
de	O
op	O
de	O
Nederlandse	O
staat	O
rustende	O
verplichting	O
om	O
het	O
recht	O
op	O
veiligheid	O
te	O
verwezenlijken	O
en	O
de	O
volkenrechtelijke	O
verplichting	O
om	O
terrorisme	O
te	O
bestrijden	O
(	O
o.a.	O
Handvest	O
Verenigde	O
Naties	O
en	O
Raad	O
van	O
Europa-verdragen	O
)	O
.	O
Met	O
name	O
artikel	O
2	O
EVRM	O
brengt	O
diverse	O
positieve	O
verplichtingen	O
mee	O
voor	O
de	O
Staat	O
.	O
Op	O
grond	O
van	O
diverse	O
consultaties	O
is	O
het	O
standpunt	O
dat	O
er	O
voldoende	O
grondslag	O
was	O
voor	O
voornoemde	O
activiteiten	O
inmiddels	O
verlaten	O
en	O
is	O
de	O
internetmonitoring	O
zoals	O
die	O
plaatsvonden	O
onmiddellijk	O
gestaakt	O
.	O
Mijn	O
ambtsvoorganger	O
was	O
van	O
oordeel	O
dat	O
er	O
geen	O
twijfel	O
mag	O
bestaan	O
over	O
een	O
dergelijke	O
grondslag	O
en	O
heeft	O
daarom	O
het	O
traject	O
ingezet	O
om	O
te	O
komen	O
tot	O
een	O
wet	O
waarin	O
definitief	O
wordt	O
geregeld	O
wat	O
de	O
NCTV	O
wel	O
en	O
vooral	O
ook	O
niet	O
mag	O
.	O
Ik	O
deel	O
het	O
oordeel	O
van	O
mijn	O
voorganger	O
en	O
ben	O
daarom	O
ook	O
van	O
mening	O
dat	O
een	O
nieuwe	O
wet	O
noodzakelijk	O
is	O
.	O
Vraag	O
12	O
Op	O
welke	O
wijze	O
is	O
bij	O
het	O
monitoren	O
van	O
kopstukken	O
van	O
politieke	O
partijen	O
en	O
parlementariërs	O
zorg	O
gedragen	O
dat	O
aan	O
de	O
vereisten	O
van	O
artikel	O
8	O
van	O
het	O
Europees	O
Verdrag	O
voor	O
de	O
Rechten	O
van	O
de	O
Mens	O
(	O
EVRM	O
)	O
voldaan	O
is	O
,	O
voor	O
het	O
monitoren	O
van	O
personen	O
in	O
de	O
context	O
van	O
de	O
nationale	O
veiligheid	O
?	O
Tweede	O
Kamer	O
,	O
vergaderjaar	O
2021–2022	O
,	O
Aanhangsel	O
3	O
Antwoord	O
12	O
Politici	O
zijn	O
,	O
los	O
van	O
de	O
bewaken-	O
en	O
beveilgentaak	O
,	O
niet	O
gemonitord	O
,	O
maar	O
komen	O
zoals	O
eerder	O
gesteld	O
wel	O
voor	O
in	O
het	O
kader	O
van	O
onderzoeken	O
naar	O
trends	O
en	O
fenomenen	O
op	O
het	O
gebied	O
van	O
de	O
nationale	O
veiligheid	O
.	O
Persoonsge-	O
gevens	O
worden	O
beschermd	O
als	O
een	O
onderdeel	O
van	O
de	O
persoonlijke	O
levenssfeer	O
in	O
de	O
zin	O
van	O
artikel	O
10	O
van	O
de	O
Grondwet	O
en	O
als	O
onderdeel	O
van	O
het	O
privéleven	O
in	O
de	O
zin	O
van	O
artikel	O
8	O
van	O
het	O
EVRM	O
en	O
artikel	O
17	O
van	O
het	O
Internationaal	O
verdrag	O
inzake	O
burgerlijke	O
en	O
politieke	O
rechten	O
(	O
IVBPR	O
)	O
.	O
Een	O
inmenging	O
in	O
het	O
recht	O
op	O
privéleven	O
zoals	O
neergelegd	O
in	O
artikel	O
8	O
EVRM	O
is	O
te	O
rechtvaardigen	O
wanneer	O
die	O
inmenging	O
een	O
legitiem	O
doel	O
dient	O
,	O
bij	O
wet	O
is	O
voorzien	O
en	O
noodzakelijk	O
moet	O
is	O
in	O
een	O
democratische	O
samenleving	O
.	O
Hieruit	O
volgt	O
dat	O
de	O
maatregel	O
moet	O
bijdragen	O
aan	O
een	O
dringende	O
maatschappelijke	O
behoefte	O
(	O
pressing	O
social	O
need	O
)	O
en	O
proportioneel	O
moet	O
zijn	O
.	O
De	O
staat	O
moet	O
de	O
publieke	O
belangen	O
afwegen	O
tegen	O
die	O
van	O
de	O
individu	O
en	O
daarin	O
een	O
eerlijke	O
balans	O
vinden	O
.	O
Zoals	O
blijkt	O
uit	O
het	O
antwoord	O
op	O
vraag	O
10	O
was	O
lange	O
tijd	O
de	O
heersende	O
opvatting	O
dat	O
er	O
voldoende	O
juridische	O
basis	O
bestond	O
–	O
op	O
basis	O
van	O
het	O
Organisatiebesluit	O
JenV	O
–	O
voor	O
de	O
verwerking	O
van	O
persoonsgegevens	O
door	O
de	O
NCTV	O
.	O
Daarmee	O
werd	O
verondersteld	O
te	O
hebben	O
voldaan	O
aan	O
het	O
vereiste	O
van	O
legimiteit	O
en	O
het	O
vereiste	O
van	O
voorzienbaarheid	O
.	O
Daarnaast	O
werden	O
de	O
werkzaamheden	O
van	O
de	O
NCTV	O
steeds	O
beschouwd	O
ter	O
uitoefening	O
van	O
een	O
taak	O
van	O
algemeen	O
belang	O
:	O
het	O
versterken	O
van	O
de	O
nationale	O
veiligheid	O
en	O
het	O
bevorderen	O
van	O
de	O
identificatie	O
en	O
de	O
analyse	O
van	O
dreigingen	O
en	O
risico’s	O
op	O
het	O
gebied	O
van	O
terrorisme	O
en	O
nationale	O
veiligheid	O
.	O
Waarmee	O
werd	O
voldaan	O
aan	O
het	O
vereiste	O
van	O
het	O
nastreven	O
van	O
een	O
legitiem	O
doel	O
.	O
Deze	O
werkzaamhe-	O
den	O
werden	O
bovendien	O
noodzakelijk	O
geacht	O
in	O
de	O
democratische	O
Nederlandse	O
samenleving	O
.	O
Voor	O
wat	O
betreft	O
politici	O
speelde	O
daarbij	O
tevens	O
een	O
rol	O
dat	O
wanneer	O
zij	O
zich	O
met	O
bepaalde	O
politieke	O
opvattingen	O
in	O
de	O
publiciteit	O
profileren	O
(	O
in	O
de	O
media	O
of	O
op	O
hun	O
eigen	O
social	O
media	O
)	O
zij	O
hiermee	O
kennelijk	O
de	O
intentie	O
hadden	O
om	O
dit	O
openbaar	O
te	O
maken	O
.	O
Daarbij	O
werd	O
steeds	O
een	O
balans	O
gezocht	O
tussen	O
het	O
belang	O
van	O
een	O
effectieve	O
bescherming	O
van	O
de	O
persoon-	O
lijke	O
levenssfeer	O
van	O
burgers	O
(	O
incuslief	O
politici	O
)	O
en	O
het	O
belang	O
bij	O
een	O
adequate	O
bescherming	O
van	O
de	O
nationale	O
veiligheid	O
voor	O
wat	O
betreft	O
de	O
EVRM-vereisten	O
.	O
Desondanks	O
hadden	O
,	O
zoals	O
eerder	O
aangegeven	O
,	O
meningen	O
en	O
normatieve	O
stellingnames	O
over	O
Kamerleden	O
achterwege	O
moeten	O
blijven	O
.	O
Vraag	O
13	O
Zijn	O
er	O
naast	O
het	O
volgen	O
van	O
online	O
activiteiten	O
nog	O
andere	O
manieren	O
geweest	O
waarop	O
de	O
NCTV	O
vertegenwoordigers	O
van	O
politieke	O
partijen	O
heeft	O
onderzocht	O
?	O
Antwoord	O
13	O
Zoals	O
reeds	O
genoemd	O
in	O
de	O
beantwoording	O
van	O
vraag	O
9	O
is	O
er	O
is	O
geen	O
andersoortige	O
persoonsgebonden	O
informatie	O
over	O
politici	O
verzameld	O
dan	O
zoals	O
opgenomen	O
in	O
de	O
Weekberichten	O
.	O
Voor	O
de	O
volledigheid	O
nogmaals	O
het	O
volgende	O
,	O
conform	O
het	O
stelsel	O
Bewaken	O
en	O
Beveiligen	O
treft	O
de	O
NCTV	O
op	O
basis	O
van	O
dreiging	O
en	O
risico	O
,	O
adequate	O
beveili-	O
gingsmaatregelen	O
van	O
o.a.	O
nationale	O
politici	O
(	O
bewindspersonen	O
,	O
Kamerleden	O
)	O
.	O
In	O
dit	O
kader	O
ontvangt	O
de	O
NCTV	O
dreigingsinformatie	O
van	O
de	O
Politie	O
,	O
AIVD	O
en	O
MIV	O
D	O
.	O
De	O
verwerking	O
van	O
persoonsgegevens	O
binnen	O
het	O
stelsel	O
Bewaken	O
en	O
Beveiligen	O
vindt	O
plaats	O
op	O
basis	O
van	O
de	O
Politiewet	O
.	O
Vraag	O
14	O
Met	O
wie	O
is	O
de	O
informatie	O
van	O
de	O
NCTV	O
gedeeld	O
?	O
Met	O
welke	O
afdelingen	O
van	O
de	O
politie	O
en	O
met	O
welke	O
gemeenten	O
?	O
Met	O
welke	O
andere	O
organisaties	O
en	O
personen	O
,	O
in	O
binnen-	O
en	O
buitenland	O
?	O
Betreft	O
dit	O
ook	O
ministeries	O
,	O
en/of	O
al	O
dan	O
niet	O
buitenlandse	O
inlichtingendiensten	O
?	O
Antwoord	O
14	O
De	O
Weekberichten	O
werden	O
verzonden	O
aan	O
ketenpartners	O
van	O
de	O
NCTV	O
binnen	O
de	O
nationale	O
en	O
lokale	O
overheid	O
.	O
Daartoe	O
behoren	O
diverse	O
afdelingen	O
van	O
de	O
Politie	O
,	O
de	O
I&V-diensten	O
,	O
ministeries	O
en	O
diverse	O
gemeenten	O
met	O
wie	O
de	O
NCTV	O
contacten	O
onderhoudt	O
.	O
De	O
Weekberichten	O
zijn	O
niet	O
op	O
basis	O
van	O
formele	O
afspraken	O
gedeeld	O
met	O
buitenlandse	O
inlichtingendiensten	O
,	O
maar	O
wel	O
met	O
enkele	O
individuele	O
medewer-	O
Tweede	O
Kamer	O
,	O
vergaderjaar	O
2021–2022	O
,	O
Aanhangsel	O
4	O
kers	O
van	O
veiligheidsorganisaties	O
.	O
2	O
Dit	O
was	O
op	O
basis	O
van	O
onderlinge	O
contacten	O
tussen	O
medewerkers	O
,	O
en	O
de	O
verzendlijst	O
van	O
de	O
Weekberichten	O
is	O
in	O
de	O
loop	O
der	O
jaren	O
op	O
die	O
manier	O
geleidelijk	O
gegroeid	O
.	O
Dit	O
is	O
met	O
name	O
zo	O
gegroeid	O
omdat	O
buitenlandse	O
partners	O
graag	O
meer	O
wilden	O
weten	O
over	O
de	O
jihadistische	O
dreiging	O
in	O
Nederland	O
.	O
De	O
achtergrond	O
hiervan	O
was	O
het	O
vergroten	O
van	O
de	O
internationale	O
kennispositie	O
op	O
de	O
ontwikkeling	O
van	O
het	O
Jihadisme	O
.	O
De	O
Weekberichten	O
zijn	O
overigens	O
altijd	O
in	O
het	O
Nederlands	O
geschreven	O
en	O
nooit	O
vertaald	O
.	O
Vraag	O
15	O
Welke	O
gevolgen	O
heeft	O
dit	O
gehad	O
?	O
Welke	O
acties	O
zijn	O
ondernomen	O
door	O
andere	O
partijen	O
op	O
basis	O
van	O
deze	O
informatie	O
?	O
Indien	O
dit	O
onbekend	O
is	O
,	O
bent	O
u	O
bereid	O
hier	O
onderzoek	O
naar	O
te	O
doen	O
?	O
Zo	O
ja	O
,	O
op	O
welke	O
wijze	O
en	O
met	O
welk	O
tijdspad	O
?	O
Zo	O
nee	O
,	O
waarom	O
niet	O
?	O
Antwoord	O
15	O
De	O
Weekberichten	O
zijn	O
gedurende	O
langere	O
tijd	O
naar	O
verschillende	O
organisaties	O
en	O
partners	O
verzonden	O
.	O
Het	O
is	O
niet	O
mogelijk	O
om	O
te	O
achterhalen	O
of	O
in	O
een	O
enkel	O
geval	O
actie	O
is	O
ondernomen	O
door	O
partijen	O
op	O
basis	O
van	O
deze	O
informatie	O
.	O
Eventuele	O
ondernomen	O
acties	O
zou	O
ik	O
ook	O
onwenselijk	O
vinden	O
.	O
Daarnaast	O
benadruk	O
ik	O
ook	O
dat	O
reeds	O
eerder	O
besloten	O
is	O
om	O
het	O
opstellen	O
en	O
verzenden	O
van	O
de	O
weekberichten	O
te	O
staken	O
.	O
Ook	O
het	O
wetsvoorstel	O
maakt	O
het	O
niet	O
mogelijk	O
om	O
dergelijke	O
weekberichten	O
opnieuw	O
op	O
te	O
stellen	O
,	O
waardoor	O
ook	O
eventuele	O
gevolgen	O
niet	O
langer	O
aan	O
de	O
orde	O
zijn	O
.	O
Vraag	O
16	O
Welke	O
stappen	O
hebben	O
u	O
en	O
uw	O
voorganger	O
gezet	O
en	O
maatregelen	O
genomen	O
om	O
te	O
voorkomen	O
dat	O
de	O
NCTV	O
intervenieert	O
in	O
het	O
politiek	O
landschap	O
door	O
analyses	O
uit	O
te	O
voeren	O
en	O
te	O
delen	O
waarbij	O
de	O
gegevens	O
van	O
democratisch	O
verkozen	O
volksvertegenwoordigers	O
zijn	O
meegenomen	O
?	O
Antwoord	O
16	O
Zoals	O
ik	O
schrijf	O
bij	O
het	O
antwoord	O
op	O
de	O
vragen	O
1	O
,	O
2	O
en	O
3	O
klonk	O
in	O
een	O
aantal	O
Weekberichten	O
ook	O
normatieve	O
stellingnames	O
door	O
over	O
Kamerleden	O
.	O
Dat	O
had	O
niet	O
gemoeten	O
.	O
Daarom	O
is	O
het	O
opstellen	O
en	O
verzenden	O
van	O
deze	O
Weekberich-	O
ten	O
gestaakt	O
en	O
keren	O
zij	O
ook	O
niet	O
meer	O
terug	O
.	O
Naar	O
mijn	O
oordeel	O
heeft	O
de	O
NCTV	O
echter	O
niet	O
geïntervenieerd	O
in	O
het	O
politieke	O
landschap	O
.	O
Vraag	O
17	O
en	O
18	O
Wat	O
is	O
uw	O
reactie	O
op	O
het	O
feit	O
dat	O
u	O
door	O
het	O
monitoren	O
van	O
politieke	O
partijen	O
uw	O
bevoegdheden	O
heeft	O
ingezet	O
tegen	O
parlementariërs	O
,	O
wat	O
niet	O
toegestaan	O
is	O
?	O
Bent	O
u	O
het	O
,	O
in	O
het	O
verlengde	O
van	O
de	O
vorige	O
vraag	O
,	O
eens	O
dat	O
het	O
monitoren	O
van	O
democratisch	O
gekozen	O
volksvertegenwoordigers	O
van	O
politieke	O
partijen	O
als	O
DENK	O
en	O
BIJ1	O
,	O
in	O
het	O
kader	O
van	O
terrorismebestrijding	O
en	O
nationale	O
veiligheid	O
een	O
directe	O
bedreiging	O
vormt	O
voor	O
de	O
democratie	O
in	O
Nederland	O
?	O
Zo	O
ja	O
,	O
welke	O
stappen	O
onderneemt	O
u	O
om	O
deze	O
dreiging	O
terug	O
te	O
draaien	O
?	O
Zo	O
nee	O
,	O
waarom	O
niet	O
?	O
Antwoord	O
17	O
en	O
18	O
Ik	O
ben	O
van	O
oordeel	O
dat	O
er	O
geen	O
sprake	O
is	O
geweest	O
van	O
het	O
monitoren	O
van	O
politieke	O
partijen	O
en/of	O
parlementariërs	O
.	O
Wel	O
zijn	O
trends	O
en	O
fenomenen	O
in	O
kaart	O
gebracht	O
.	O
Om	O
trends	O
en	O
fenomenen	O
op	O
het	O
terrein	O
van	O
terrorismebestrijding	O
en	O
nationale	O
veiligheid	O
goed	O
in	O
te	O
schatten	O
is	O
het	O
bij	O
internetmonitoring	O
onvermijdelijk	O
gebleken	O
dat	O
openbare	O
uitingen	O
van	O
relevante	O
spelers	O
(	O
personen	O
en	O
organisaties	O
)	O
in	O
beeld	O
komen	O
.	O
Zoals	O
in	O
eerdere	O
antwoorden	O
reeds	O
is	O
aangegeven	O
,	O
kunnen	O
ook	O
uitspraken	O
van	O
politici	O
een	O
reactie	O
teweeg-	O
brengen	O
.	O
In	O
dit	O
kader	O
kan	O
het	O
van	O
belang	O
zijn	O
voor	O
de	O
NCTV	O
om	O
dergelijke	O
uitspraken	O
te	O
bezien	O
in	O
relatie	O
tot	O
die	O
reacties	O
en	O
effecten	O
.	O
Dit	O
doet	O
de	O
analyse-afdeling	O
op	O
dit	O
moment	O
in	O
zeer	O
beperkte	O
mate	O
.	O
Gelet	O
op	O
het	O
ontbre-	O
ken	O
van	O
een	O
wettelijke	O
grondslag	O
,	O
doet	O
de	O
NCTV	O
nu	O
niet	O
aan	O
internetmonito-	O
2	O
Zo	O
is	O
het	O
laatste	O
Weekbericht	O
verzonden	O
naar	O
partners	O
uit	O
België	O
,	O
Spanje	O
,	O
Duitsland	O
en	O
Canada	O
.	O
Tweede	O
Kamer	O
,	O
vergaderjaar	O
2021–2022	O
,	O
Aanhangsel	O
5	O
ring	O
.	O
Wel	O
mag	O
informatie	O
die	O
ketenpartners	O
verzenden	O
nog	O
gelezen	O
worden	O
,	O
alsmede	O
kranten	O
en	O
tijdschriften	O
.	O
Om	O
te	O
voorkomen	O
dat	O
er	O
enige	O
twijfel	O
bestaat	O
over	O
wat	O
de	O
NCTV	O
wel	O
of	O
niet	O
mag	O
,	O
heeft	O
het	O
Kabinet	O
naar	O
aanleiding	O
van	O
debat	O
met	O
de	O
Tweede	O
Kamer	O
en	O
de	O
motie	O
Michon-Derkzen	S-PER
(	O
VVD	O
)	O
,	O
ingediend	O
mede	O
namens	O
CDA	O
,	O
SGP	O
,	O
CU	O
en	O
JA213	O
,	O
een	O
wetsvoorstel	O
aan	O
uw	O
Kamer	O
voorgelegd	O
om	O
de	O
NCTV	O
te	O
voorzien	O
van	O
een	O
grondslag	O
voor	O
de	O
verwerking	O
van	O
persoonsgegevens	O
voor	O
de	O
uitoefening	O
van	O
de	O
taken	O
van	O
de	O
NCTV	O
.	O
Zoals	O
ook	O
eerder	O
gesteld	O
klonk	O
in	O
een	O
aantal	O
Weekberichten	O
normatieve	O
stellingnames	O
door	O
over	O
Kamerleden	O
.	O
Dat	O
had	O
niet	O
gemoeten	O
.	O
Analyses	O
en	O
duidingen	O
moeten	O
feitelijk	O
van	O
aard	O
zijn	O
en	O
gericht	O
zijn	O
op	O
relevante	O
ontwikkelingen	O
voor	O
de	O
nationale	O
veiligheid	O
.	O
Hierin	O
is	O
geen	O
ruimte	O
voor	O
persoonlijke	O
meningen	O
,	O
zeker	O
niet	O
over	O
politici	O
.	O
Vraag	O
19	O
Wanneer	O
bent	O
u	O
voornemens	O
de	O
onrechtmatige	O
gegevensverzameling	O
van	O
partijen	O
als	O
DENK	O
en	O
BIJ1	O
te	O
verwijderen	O
?	O
Antwoord	O
19	O
Sinds	O
december	O
jl.	O
is	O
de	O
NCTV	O
een	O
opschonings-	O
en	O
archiveringstraject	O
gestart	O
,	O
zodat	O
wordt	O
voldaan	O
aan	O
de	O
eisen	O
die	O
de	O
AVG	O
stelt	O
aan	O
het	O
bewaren	O
van	O
persoonsgegevens	O
.	O
Om	O
te	O
voorkomen	O
dat	O
hierdoor	O
gegevens	O
verloren	O
zouden	O
gaan	O
,	O
die	O
niet	O
verloren	O
mogen	O
gaan	O
,	O
zijn	O
de	O
aanwezige	O
bestanden	O
veiliggesteld	O
op	O
een	O
separate	O
schijf	O
,	O
een	O
kloon	O
.	O
Tot	O
deze	O
schijf	O
hebben	O
enkele	O
(	O
juridische	O
)	O
medewerkers	O
van	O
de	O
NCTV	O
toegang	O
.	O
De	O
overige	O
medewerkers	O
van	O
de	O
NCTV	O
hebben	O
die	O
toegang	O
niet	O
.	O
Het	O
opschonings-	O
en	O
archiveringstraject	O
is	O
inmiddels	O
voor	O
een	O
groot	O
deel	O
voltooid	O
,	O
waardoor	O
in	O
de	O
dagdagelijkse	O
werkzaamheden	O
de	O
NCTV	O
voldoet	O
aan	O
de	O
AVG	O
.	O
Ik	O
zal	O
onafhankelijk	O
advies	O
inwinnen	O
over	O
hoe	O
om	O
te	O
gaan	O
met	O
de	O
separate	O
schijf	O
om	O
vast	O
te	O
stellen	O
wat	O
wanneer	O
verwijderd	O
mag	O
worden	O
.	O
Zo	O
wordt	O
enerzijds	O
voldaan	O
aan	O
de	O
eisen	O
die	O
de	O
AVG	O
stelt	O
,	O
maar	O
blijft	O
ook	O
herleidbaar	O
over	O
welke	O
informatie	O
de	O
NCTV	O
in	O
het	O
verleden	O
beschikte	O
.	O
Deze	O
transparantie	O
acht	O
ik	O
van	O
groot	O
belang	O
,	O
mede	O
om	O
uw	O
Kamer	O
zo	O
goed	O
mogelijk	O
te	O
kunnen	O
blijven	O
informeren	O
.	O
Vraag	O
20	O
Hoe	O
ziet	O
u	O
deze	O
onrechtmatige	O
verzameling	O
van	O
gegevens	O
over	O
politici	O
in	O
het	O
licht	O
van	O
de	O
wens	O
van	O
het	O
kabinet	O
de	O
bevoegdheden	O
van	O
de	O
NCTV	O
juist	O
uit	O
te	O
breiden	O
middels	O
het	O
nieuwe	O
wetsvoorstel	O
?	O
Antwoord	O
20	O
Er	O
is	O
geen	O
sprake	O
van	O
een	O
uitbreiding	O
van	O
bevoegdheden	O
van	O
de	O
NCTV	O
,	O
eerder	O
een	O
inperking	O
.	O
Het	O
wetsvoorstel	O
verankert	O
een	O
aantal	O
bestaande	O
taken	O
van	O
de	O
NCTV	O
,	O
maar	O
begrenst	O
ook	O
wat	O
wel	O
en	O
niet	O
mogelijk	O
is	O
ter	O
uitvoering	O
van	O
de	O
taken	O
.	O
Zo	O
is	O
in	O
het	O
huidige	O
voorstel	O
vastgelegd	O
dat	O
de	O
analysetaak	O
van	O
de	O
NCTV	O
is	O
beperkt	O
tot	O
het	O
signaleren	O
,	O
analyseren	O
en	O
duiden	O
van	O
trends	O
en	O
fenomenen	O
op	O
het	O
gebied	O
van	O
terrorismebestrijding	O
en	O
nationale	O
veiligheid	O
.	O
Daarbij	O
is	O
expliciet	O
bepaald	O
dat	O
het	O
doen	O
van	O
onderzoek	O
dat	O
gericht	O
is	O
op	O
personen	O
en	O
organisaties	O
daar	O
niet	O
bij	O
hoort	O
.	O
Maatschappelijke	O
ontwikkelingen	O
die	O
relevant	O
zijn	O
voor	O
de	O
nationale	O
veiligheid	O
moeten	O
we	O
nog	O
wel	O
voldoende	O
in	O
het	O
oog	O
kunnen	O
houden	O
én	O
kunnen	O
begrijpen	O
.	O
Analyses	O
van	O
de	O
NCTV	O
ten	O
aanzien	O
van	O
die	O
dreigingen	O
kunnen	O
hierbij	O
als	O
kompas	O
werken	O
.	O
We	O
moeten	O
met	O
elkaar	O
bekijken	O
hoe	O
we	O
dit	O
het	O
beste	O
vorm	O
geven	O
want	O
het	O
kan	O
wel	O
noodzakelijk	O
zijn	O
kennis	O
en	O
kunde	O
met	O
elkaar	O
te	O
delen	O
.	O
Vraag	O
21	O
en	O
22	O
Deelt	O
u	O
de	O
mening	O
dat	O
de	O
acties	O
van	O
de	O
NCTV	O
passen	O
in	O
de	O
trend	O
bij	O
de	O
overheid	O
,	O
waarin	O
onder	O
meer	O
politie	O
en	O
belastingdienst	O
etnisch	O
profileren	O
en	O
discrimineren	O
?	O
Zo	O
nee	O
,	O
waarom	O
niet	O
?	O
Deelt	O
u	O
de	O
mening	O
dat	O
de	O
framing	O
door	O
de	O
NCTV	O
buitengewoon	O
gevaarlijk	O
en	O
discriminerend	O
is	O
?	O
Zo	O
nee	O
,	O
waarom	O
niet	O
?	O
3	O
Kamerstuk	O
30	O
821	O
,	O
nr.	O
138	O
.	O
Tweede	O
Kamer	O
,	O
vergaderjaar	O
2021–2022	O
,	O
Aanhangsel	O
6	O
Antwoord	O
21	O
en	O
22	O
Nee	O
deze	O
mening	O
deel	O
ik	O
niet	O
.	O
Ik	O
vind	O
wel	O
dat	O
er	O
in	O
een	O
aantal	O
stukken	O
te	O
onzorgvuldige	O
formuleringen	O
hebben	O
gestaan	O
.	O
Niettemin	O
,	O
vind	O
ik	O
het	O
belangrijk	O
dat	O
de	O
NCTV	O
zicht	O
blijft	O
houden	O
op	O
ontwikkelingen	O
en	O
fenomenen	O
die	O
potentieel	O
de	O
nationale	O
veiligheid	O
kunnen	O
schaden	O
en	O
dat	O
zij	O
hierbij	O
het	O
sentiment	O
in	O
de	O
samenleving	O
kunnen	O
bezien	O
,	O
zonder	O
onderscheid	O
des	O
persoons	O
.	O
Tweede	O
Kamer	O
,	O
vergaderjaar	O
2021–2022	O
,	O
Aanhangsel	O
7	O
