Griffie	O
Gemeenteraad	O
Utrecht	O
Secretariaat	O
raadscommissie	O
Mens	O
&	O
Samenleving	O
Postadres	O
Postbus	O
16200	O
3500	O
CE	O
Utrecht	O
Telefoon	O
30	O
-	O
286	O
10	O
69	O
Fax	O
30	O
-	O
286	O
15	O
18	O
www.utrecht.nl/gemeenteraad	O
VERSLAG	O
OPENBARE	O
VERGADERING	O
COMMISSIE	O
MENS	O
&	O
SAMENLEVING	O
D.D.	O
30	O
SEPTEMBER	O
2021	O
[	O
Typ	O
hier	O
]	O
Pagina	O
1	O
van	O
12	O
Datum	O
verslag	O
Locatie	O
Verslag	O
door	O
Vaststelling	O
verslag	O
4	O
oktober	O
2021	O
Stadhuis	O
,	O
de	O
hal	O
Geertjan	B-PER
Benus	E-PER
(	O
Notutekst	O
)	O
november	O
2021	O
Aanwezigen	O
:	O
Ochtendvergadering	O
De	O
voorzitters	O
,	O
de	O
heer	O
M.	B-PER
de	I-PER
Pagter	E-PER
,	O
de	O
heer	O
M.	B-PER
Saiah	E-PER
en	O
de	O
wethouder	O
de	O
heer	O
K.	B-PER
Verschuure	E-PER
,	O
de	O
burgemeester	O
mevrouw	O
S.	B-PER
Dijksma	E-PER
,	O
mevrouw	O
S.	B-PER
Schers	E-PER
(	O
GroenLinks	O
)	O
,	O
mevrouw	O
C.	B-PER
van	I-PER
Dun	E-PER
(	O
D66	O
)	O
mevrouw	O
J.	B-PER
Admiraal	E-PER
(	O
ChristenUnie	O
)	O
,	O
de	O
10	O
heer	O
B.	B-PER
van	I-PER
Steeg	E-PER
(	O
CDA	O
)	O
,	O
mevrouw	O
H.	B-PER
Assen	E-PER
(	O
PvdA	O
)	O
,	O
mevrouw	O
T.	B-PER
Meerding	E-PER
(	O
VVD	O
)	O
,	O
mevrouw	O
E.	B-PER
Kendir	E-PER
(	O
Student	O
&	O
Starter	O
)	O
,	O
mevrouw	O
L.	B-PER
de	I-PER
Vries	E-PER
(	O
Partij	O
voor	O
de	O
Dieren	O
)	O
,	O
en	O
de	O
heer	O
Bosch	S-PER
(	O
PVV	O
)	O
,	O
de	O
heer	O
M.	B-PER
Sungur	E-PER
(	O
DENK	O
)	O
en	O
de	O
commissiegriffier	O
mevrouw	O
M.	B-PER
Vos	E-PER
.	O
Verslag	O
openbare	O
vergadering	O
commissie	O
Mens	O
&	O
Samenleving	O
d.d.	O
30	O
september	O
2021	O
1	O
.	O
Opening	O
en	O
mededelingen	O
.	O
.	O
.	O
.	O
.	O
.	O
.	O
.	O
.	O
.	O
.	O
.	O
.	O
.	O
.	O
.	O
.	O
.	O
.	O
.	O
.	O
.	O
.	O
.	O
.	O
.	O
.	O
.	O
.	O
.	O
.	O
.	O
.	O
.	O
.	O
.	O
.	O
.	O
.	O
.	O
.	O
.	O
.	O
.	O
.	O
.	O
.	O
.	O
.	O
.	O
.	O
.	O
.	O
.	O
.	O
.	O
.	O
.	O
.	O
.	O
.	O
.	O
.	O
.	O
.	O
.	O
.	O
.	O
.	O
.	O
.	O
.	O
.	O
.	O
.	O
.	O
.	O
.	O
.	O
.	O
.	O
.	O
.	O
.	O
.	O
.	O
.	O
.	O
.	O
.	O
.	O
.	O
.	O
.	O
.	O
.	O
.	O
.	O
.	O
.	O
.	O
.	O
.	O
.	O
.	O
.	O
.	O
.	O
.	O
.	O
.	O
.	O
.	O
.	O
.	O
.	O
.	O
.....	O
-	O
1	O
-	O
2.	O
Vaststellen	O
agenda	O
en	O
inventarisatie	O
agendapunten	O
.	O
.	O
.	O
.	O
.	O
.	O
.	O
.	O
.	O
.	O
.	O
.	O
.	O
.	O
.	O
.	O
.	O
.	O
.	O
.	O
.	O
.	O
.	O
.	O
.	O
.	O
.	O
.	O
.	O
.	O
.	O
.	O
.	O
.	O
.	O
.	O
.	O
.	O
.	O
.	O
.	O
.	O
.	O
.	O
.	O
.	O
.	O
.	O
.	O
.	O
.	O
.	O
.	O
.	O
.	O
.	O
.	O
.	O
.	O
.	O
.	O
.	O
.	O
.	O
.	O
.	O
.	O
.	O
.	O
.	O
.	O
.	O
.	O
.	O
.	O
.	O
.......	O
-	O
1	O
-	O
3.	O
Raadsvoorstel	O
tweede	O
begrotingswijziging	O
2021	O
.	O
.	O
.	O
.	O
.	O
.	O
.	O
.	O
.	O
.	O
.	O
.	O
.	O
.	O
.	O
.	O
.	O
.	O
.	O
.	O
.	O
.	O
.	O
.	O
.	O
.	O
.	O
.	O
.	O
.	O
.	O
.	O
.	O
.	O
.	O
.	O
.	O
.	O
.	O
.	O
.	O
.	O
.	O
.	O
.	O
.	O
.	O
.	O
.	O
.	O
.	O
.	O
.	O
.	O
.	O
.	O
.	O
.	O
.	O
.	O
.	O
.	O
.	O
.	O
.	O
.	O
.	O
.	O
.	O
.	O
.	O
.	O
.	O
.	O
.	O
.	O
.	O
.	O
.	O
.	O
.	O
.	O
.	O
.....	O
-	O
1	O
-	O
4.	O
Raadsvoorstel	O
deelname	O
experiment	O
centrale	O
stemopneming	O
.	O
.	O
.	O
.	O
.	O
.	O
.	O
.	O
.	O
.	O
.	O
.	O
.	O
.	O
.	O
.	O
.	O
.	O
.	O
.	O
.	O
.	O
.	O
.	O
.	O
.	O
.	O
.	O
.	O
.	O
.	O
.	O
.	O
.	O
.	O
.	O
.	O
.	O
.	O
.	O
.	O
.	O
.	O
.	O
.	O
.	O
.	O
.	O
.	O
.	O
.	O
.	O
.	O
.	O
.	O
.	O
.	O
.	O
.	O
.	O
.	O
.......	O
-	O
1	O
-	O
4.1 Beantwoording	O
schriftelijke	O
vragen	O
2021	O
nummer	O
169	O
,	O
evaluatie	O
verkiezingen	O
2021	O
.	O
.	O
.	O
.	O
.	O
.	O
.	O
.	O
.	O
.	O
.	O
.	O
.	O
.	O
.	O
.	O
.	O
.	O
.	O
.	O
.	O
.	O
.	O
.	O
.	O
.	O
.	O
......	O
-	O
2	O
-	O
20	O
Ochtendvergadering	O
30	O
september	O
2021	O
1	O
.	O
Opening	O
en	O
mededelingen	O
De	O
voorzitter	O
,	O
de	O
heer	O
De	O
Pagter	B-PER
,	E-PER
opent	O
de	O
vergadering	O
om	O
10.00	O
uur	O
en	O
heet	O
iedereen	O
welkom	O
.	O
Mededelingen	O
De	O
voorzitter	O
deelt	O
mee	O
voor	O
de	O
laatste	O
keer	O
de	O
voorzitter	O
te	O
zijn	O
van	O
deze	O
commis-	O
sie	O
aangezien	O
er	O
andere	O
commissies	O
op	O
komst	O
zijn	O
.	O
In	O
zijn	O
andere	O
rol	O
zal	O
hij	O
geen	O
commissievoorzitter	O
meer	O
zijn	O
in	O
de	O
komende	O
maanden	O
.	O
30	O
2	O
.	O
Vaststellen	O
agenda	O
en	O
inventarisatie	O
te	O
bespreken	O
agendapunten	O
Conform	O
vastgesteld	O
.	O
3.	O
Raadsvoorstel	O
tweede	O
begrotingswijziging	O
2021	O
Beleidsveld	O
:	O
Financiën	O
-	O
wethouder	O
Klein	O
Na	S-PER
het	O
vaststellen	O
van	O
de	O
Programmabegroting	O
kent	O
het	O
jaar	O
drie	O
rondes	O
van	O
technische	O
aanpassingen	O
.	O
Dit	O
betreft	O
de	O
tweede	O
technische	O
wijzing	O
van	O
de	O
Programmabegroting	O
2021	O
.	O
De	O
voorzitter	O
voert	O
met	O
instemming	O
van	O
de	O
commissie	O
dit	O
agendapunt	O
van	O
de	O
40	O
agenda	O
af	O
.	O
Dit	O
punt	O
gaat	O
zonder	O
discussie	O
door	O
met	O
de	O
A-status	O
naar	O
de	O
raad	O
.	O
4.	O
Raadsvoorstel	O
deelname	O
experiment	O
centrale	O
stemopneming	O
Portefeuillehouders	O
:	O
burgemeester	O
Dijksma	O
Griffie	S-PER
Gemeenteraad	O
Utrecht	O
Verslag	O
van	O
de	O
openbare	O
fysieke	O
vergadering	O
van	O
de	O
Commissie	O
Mens	O
&	O
Samenleving	O
op	O
30	O
september	O
2021	O
Pagina	O
2	O
van	O
12	O
4.1	O
Beantwoording	O
schriftelijke	O
vragen	O
2021	O
nummer	O
169	O
,	O
evaluatie	O
verkiezingen	O
2021	O
De	O
voorzitter	O
licht	O
de	O
agendering	O
toe	O
.	O
Het	O
college	O
heeft	O
een	O
raadsvoorstel	O
naar	O
de	O
raad	O
gestuurd	O
waarin	O
wordt	O
voorgesteld	O
dat	O
Utrecht	O
meedoet	O
aan	O
het	O
experiment	O
Centrale	O
Stemopneming	O
van	O
het	O
ministerie	O
van	O
Binnenlandse	O
Zaken	O
en	O
Koninkrijks-	O
50	O
relaties	O
.	O
Daarnaast	O
zijn	O
schriftelijke	O
vragen	O
gesteld	O
over	O
de	O
evaluatie	O
van	O
de	O
verkiezingen	O
in	O
2021	O
de	O
Tweede	O
Kamerverkiezingen	O
.	O
De	O
beantwoording	O
van	O
het	O
college	O
betrekt	O
hij	O
bij	O
dit	O
agendapunt	O
.	O
De	O
commissie	O
De	O
heer	O
Bosch	O
(	S-PER
PVV	O
)	O
gaat	O
in	O
op	O
het	O
vervoer	O
van	O
de	O
stembiljetten	O
,	O
op	O
het	O
opleidingsniveau	O
van	O
de	O
vrijwilligers	O
op	O
de	O
CSO	O
en	O
het	O
naleven	O
van	O
de	O
Kieswet	O
als	O
het	O
gaat	O
om	O
de	O
inwoners	O
die	O
de	O
tellingen	O
willen	O
observeren	O
.	O
In	O
het	O
voorstel	O
wordt	O
gerept	O
over	O
de	O
belasting	O
voor	O
de	O
stembureauleden	O
.	O
Sommige	O
60	O
stembureau-leden	O
hebben	O
uren	O
moeten	O
wachten	O
op	O
het	O
vervoer	O
van	O
de	O
stembiljetten	O
naar	O
de	O
CSO	O
toe	O
.	O
In	O
het	O
antwoord	O
op	O
schriftelijke	O
vragen	O
geeft	O
de	O
burgemeester	O
aan	O
te	O
bekijken	O
hoe	O
dit	O
beter	O
te	O
organiseren	O
is	O
.	O
Hij	O
ziet	O
daarvan	O
niets	O
terug	O
in	O
het	O
raads-	O
voorstel	O
.	O
Hij	O
krijgt	O
graag	O
de	O
toezegging	O
dat	O
het	O
stembureau	O
niet	O
opnieuw	O
weer	O
uren	O
moet	O
wachten	O
bij	O
de	O
komende	O
gemeenteraadsverkiezingen	O
.	O
Met	O
betrekking	O
tot	O
de	O
inzet	O
van	O
de	O
tellers	O
bij	O
de	O
CSO	O
wordt	O
een	O
training	O
niet	O
nodig	O
geacht	O
een	O
korte	O
instructie	O
zou	O
voldoende	O
zijn	O
.	O
Dat	O
lijkt	O
hem	O
persoonlijk	O
niet	O
de	O
bedoeling	O
te	O
zijn	O
.	O
Hoe	O
kan	O
iemand	O
de	O
Kieswet	O
hanteren	O
wanneer	O
daarvan	O
geen	O
kennis	O
is	O
genomen	O
?	O
Om	O
te	O
beslissen	O
over	O
de	O
geldigheid	O
van	O
een	O
stembiljet	O
,	O
is	O
er	O
een	O
uitgebreide	O
circulaire	O
van	O
de	O
kiesraad	O
.	O
Hij	O
krijgt	O
graag	O
herziening	O
van	O
dit	O
standpunt	O
.	O
70	O
Het	O
lijkt	O
hem	O
ook	O
dat	O
tellers	O
de	O
Kieswet	O
moeten	O
kennen	O
om	O
te	O
kunnen	O
tellen	O
.	O
Bovendien	O
kunnen	O
zij	O
te	O
maken	O
krijgen	O
met	O
inwoners	O
die	O
het	O
stemproces	O
volgen	O
en	O
gadeslaan	O
.	O
Dat	O
lijkt	O
zijns	O
inziens	O
niet	O
helemaal	O
volgens	O
de	O
kieswet	O
te	O
gaan	O
.	O
De	O
burgemeester	O
schrijft	O
dat	O
de	O
telling	O
op	O
kandidaatniveau	O
de	O
definitieve	O
telling	O
is	O
,	O
dus	O
in	O
de	O
CSO	O
.	O
Dat	O
vergt	O
dan	O
naleving	O
van	O
artikel	O
N1	O
lid	O
2	O
.	O
De	O
vorige	O
keer	O
was	O
niet	O
duidelijk	O
welk	O
stembureau	O
gesteld	O
welk	O
stembureau	O
geteld	O
werd	O
in	O
de	O
CSO	O
.	O
Dat	O
kan	O
en	O
mag	O
niet	O
.	O
De	O
burgemeester	O
geeft	O
aan	O
dat	O
wel	O
te	O
gaan	O
doen	O
.	O
Het	O
plezier	O
van	O
de	O
inwoners	O
in	O
het	O
gadeslaan	O
van	O
het	O
proces	O
gaat	O
verder	O
dan	O
kijken	O
en	O
vragen	O
stellen	O
.	O
Het	O
gaat	O
om	O
de	O
vaststelling	O
van	O
de	O
definitieve	O
telling	O
.	O
Artikel	O
N8	O
lid	O
3	O
is	O
daarover	O
duidelijk	O
:	O
80	O
indien	O
een	O
aanwezige	O
kiezer/inwoner	O
een	O
ongeldig	O
verklaard	O
biljet	O
wil	O
bekijken	O
,	O
moet	O
dit	O
krachtens	O
de	O
kieswet	O
getoond	O
worden	O
.	O
Ook	O
moet	O
er	O
dan	O
bezwaar	O
gemaakt	O
kunnen	O
worden	O
.	O
Het	O
is	O
daarom	O
juist	O
wel	O
nodig	O
dat	O
tellers	O
een	O
goede	O
instructie	O
krijgen	O
.	O
Ook	O
de	O
naleving	O
van	O
artikel	O
N9	O
lid	O
1	O
moet	O
worden	O
gewaarborgd	O
.	O
De	O
definitieve	O
uitslag	O
moet	O
mondeling	O
aan	O
de	O
aanwezige	O
kiezers	O
kenbaar	O
worden	O
gemaakt	O
per	O
stembu-	O
reau	O
.	O
Hij	O
krijgt	O
hierop	O
graag	O
een	O
toezegging	O
.	O
Dit	O
is	O
bij	O
de	O
Tweede	O
Kamerverkiezingen	O
niet	O
conform	O
de	O
kieswet	O
gebeurd	O
.	O
Hij	O
vraagt	O
wie	O
technisch	O
gezien	O
de	O
voorzitter	O
is	O
van	O
de	O
te	O
tellen	O
stembureaus	O
wanneer	O
het	O
gaat	O
om	O
de	O
definitieve	O
telling	O
.	O
Hij	O
krijgt	O
op	O
die	O
vragen	O
graag	O
een	O
antwoord	O
.	O
90	O
De	O
heer	O
Van	O
Steeg	B-PER
(	E-PER
CDA	O
)	O
vindt	O
het	O
goed	O
om	O
terug	O
te	O
kijken	O
naar	O
het	O
stemproces	O
van	O
de	O
Tweede	O
Kamerverkiezingen	O
.	O
Het	O
is	O
belangrijk	O
dat	O
goed	O
te	O
organiseren	O
.	O
Griffie	O
Gemeenteraad	O
Utrecht	O
Verslag	O
van	O
de	O
openbare	O
fysieke	O
vergadering	O
van	O
de	O
Commissie	O
Mens	O
&	O
Samenleving	O
op	O
30	O
september	O
2021	O
Pagina	O
3	O
van	O
12	O
Ondanks	O
de	O
kritische	O
punten	O
die	O
ook	O
te	O
zien	O
waren	O
in	O
de	O
schriftelijke	O
vragen	O
,	O
compli-	O
menteert	O
hij	O
de	O
organisatie	O
met	O
de	O
manier	O
waarop	O
de	O
verkiezingen	O
georganiseerd	O
zijn	O
bij	O
de	O
Tweede	O
Kamerverkiezingen	O
.	O
Het	O
is	O
relatief	O
goed	O
verlopen	O
ondanks	O
de	O
moeilijke	O
periode	O
.	O
Nu	O
is	O
voor	O
de	O
eerste	O
keer	O
de	O
CSO	O
gebruikt	O
.	O
In	O
de	O
antwoorden	O
op	O
de	O
schriftelijke	O
vraag	O
is	O
te	O
zien	O
dat	O
het	O
tot	O
een	O
aantal	O
knelpunten	O
leidt	O
.	O
Hij	O
refereert	O
aan	O
de	O
inbreng	O
van	O
de	O
heer	O
Bosch	O
over	S-PER
het	O
transport	O
dat	O
niet	O
altijd	O
goed	O
georganiseerd	O
is	O
.	O
Hij	O
vraagt	O
zich	O
af	O
hoe	O
de	O
organisatie	O
dat	O
gaat	O
doen	O
in	O
de	O
toekomst	O
.	O
Van	O
alle	O
stembureaus	O
100	O
moeten	O
de	O
biljetten	O
naar	O
een	O
centrale	O
plek	O
gebracht	O
worden	O
.	O
Ten	O
tweede	O
vraagt	O
hij	O
of	O
het	O
de	O
bedoeling	O
is	O
dat	O
dit	O
in	O
de	O
toekomst	O
de	O
standaard-	O
procedure	O
wordt	O
voor	O
alle	O
verkiezingen	O
die	O
zullen	O
worden	O
gehouden	O
.	O
Zij	O
vraagt	O
of	O
dat	O
inderdaad	O
zo	O
is	O
en	O
of	O
dit	O
de	O
procedure	O
is	O
die	O
de	O
raad	O
daarop	O
vaststelt	O
.	O
Ten	O
tweede	O
is	O
de	O
vraag	O
of	O
daarmee	O
financieel	O
rekening	O
gehouden	O
wordt	O
.	O
Dat	O
betekent	O
dat	O
bij	O
elke	O
verkiezing	O
de	O
gemeente	O
200.000	O
euro	O
extra	O
gaat	O
uitgeven	O
.	O
Hij	O
vraagt	O
of	O
het	O
juist	O
is	O
en	O
of	O
dat	O
is	O
meegenomen	O
in	O
de	O
overwegingen	O
.	O
Daarnaast	O
gaat	O
hij	O
in	O
op	O
de	O
belasting	O
van	O
de	O
vrijwilligers	O
.	O
De	O
CSO	O
zorgt	O
voor	O
een	O
mindere	O
belasting	O
van	O
de	O
vrijwilligers	O
.	O
Hij	O
krijgt	O
daarop	O
graag	O
nog	O
een	O
reactie	O
.	O
Dat	O
wordt	O
hem	O
niet	O
helemaal	O
duidelijk	O
uit	O
de	O
antwoorden	O
op	O
de	O
schriftelijke	O
vragen	O
.	O
Hij	O
110	O
verneemt	O
graag	O
van	O
de	O
burgemeester	O
wat	O
dit	O
precies	O
betekent	O
.	O
En	O
of	O
het	O
mogelijk	O
is	O
de	O
uitslag	O
van	O
Utrecht	O
eerder	O
bekend	O
te	O
maken	O
in	O
maart	O
wanneer	O
de	O
telling	O
plaats-	O
vindt	O
via	O
de	O
CSO.	O
Mevrouw	O
Assen	O
(	S-PER
PvdA	O
)	O
sluit	O
zich	O
aan	O
bij	O
de	O
complimenten	O
van	O
de	O
heer	O
Van	O
Steeg	B-PER
.	E-PER
Haar	O
fractie	O
wil	O
vooral	O
ingaan	O
op	O
de	O
rol	O
van	O
de	O
vrijwilligers	O
,	O
de	O
werkdruk	O
voor	O
hen	O
en	O
de	O
toegankelijkheid	O
van	O
de	O
stembureaus	O
.	O
Het	O
lijkt	O
haar	O
goed	O
in	O
te	O
stemmen	O
met	O
dit	O
raadsvoorstel	O
om	O
deel	O
te	O
nemen	O
aan	O
de	O
centrale	O
stemopneming	O
,	O
vooral	O
ook	O
omdat	O
dit	O
voor	O
vrijwilligers	O
het	O
tellen	O
korter	O
en	O
minder	O
intensief	O
wordt	O
en	O
daarmee	O
de	O
betrouwbaarheid	O
van	O
de	O
telling	O
verbetert	O
.	O
120	O
Omdat	O
de	O
verkiezingsdag	O
voor	O
de	O
tellers	O
minder	O
zwaar	O
wordt	O
,	O
hoopt	O
haar	O
fractie	O
ook	O
dat	O
het	O
gemakkelijker	O
wordt	O
om	O
vrijwilligers	O
te	O
werven	O
,	O
zeker	O
nadat	O
bij	O
de	O
laatste	O
Tweede	O
Kamerverkiezingen	O
zoveel	O
meer	O
vrijwilligers	O
betrokken	O
waren	O
en	O
ook	O
al	O
ingewerkt	O
zijn	O
.	O
Zij	O
vraagt	O
hoe	O
de	O
burgemeester	O
de	O
winst	O
daarvan	O
ziet	O
voor	O
de	O
komende	O
verkiezingen	O
.	O
Wanneer	O
gaat	O
het	O
wervingsproces	O
starten	O
?	O
Zij	O
las	O
ook	O
de	O
schriftelijke	O
vragen	O
van	O
de	O
PVV	O
,	O
die	O
behalve	O
de	O
zwaarte	O
van	O
het	O
werk	O
ook	O
de	O
toegankelijkheid	O
van	O
de	O
stembureaus	O
benoemde	O
.	O
Zij	O
las	O
dat	O
het	O
werk	O
in	O
shifts	O
niet	O
de	O
voorkeur	O
heeft	O
van	O
het	O
college	O
.	O
Zij	O
legt	O
de	O
vraag	O
voor	O
of	O
het	O
grotere	O
aantal	O
vrijwilligers	O
dat	O
bij	O
de	O
Tweede	O
Kamerverkiezingen	O
actief	O
was	O
er	O
op	O
een	O
andere	O
manier	O
aan	O
bijdragen	O
dat	O
werk	O
voor	O
een	O
vrijwilliger	O
meer	O
behapbaar	O
en	O
aantrekkelijker	O
wordt	O
,	O
130	O
zeker	O
ook	O
voor	O
oudere	O
vrijwilligers	O
die	O
wel	O
eens	O
aangaven	O
dat	O
een	O
hele	O
shift	O
voor	O
hen	O
te	O
intensief	O
was	O
.	O
Met	O
betrekking	O
tot	O
de	O
toegankelijkheid	O
,	O
las	O
haar	O
fractie	O
de	O
antwoorden	O
betrekking	O
hebbend	O
op	O
het	O
stembureau	O
dat	O
vooral	O
overal	O
nabij	O
mensen	O
beschikbaar	O
beschikbaar	O
moeten	O
zijn	O
.	O
Zij	O
begrijpt	O
dat	O
het	O
lastig	O
is	O
om	O
dan	O
overal	O
die	O
toegankelijkheid	O
te	O
borgen	O
.	O
Zij	O
zou	O
daar	O
toch	O
graag	O
meer	O
ambitie	O
zien	O
.	O
Het	O
lijkt	O
haar	O
nodig	O
uiteindelijk	O
naar	O
die	O
100%	O
toegankelijkheid	O
te	O
komen	O
.	O
Zij	O
vraagt	O
welke	O
doelstelling	O
de	O
burgemeester	O
zich	O
hiervoor	O
stelt	O
.	O
Bieden	O
de	O
zeventig	O
extra	O
locaties	O
die	O
benut	O
zijn	O
beide	O
Tweede	O
Kamerverkiezingen	O
daarbij	O
mogelijk	O
een	O
kans	O
om	O
de	O
toegankelijkheid	O
te	O
vergroten	O
?	O
De	O
heer	O
Bosch	O
(	S-PER
PVV	O
)	O
vraagt	O
via	O
mevrouw	O
Assen	O
waarom	S-PER
shifts	O
wel	O
mogelijk	O
waren	O
140	O
in	O
2002	O
.	O
Griffie	O
Gemeenteraad	O
Utrecht	O
Verslag	O
van	O
de	O
openbare	O
fysieke	O
vergadering	O
van	O
de	O
Commissie	O
Mens	O
&	O
Samenleving	O
op	O
30	O
september	O
2021	O
Pagina	O
4	O
van	O
12	O
Mevrouw	O
Assen	O
(	S-PER
PvdA	O
)	O
besluit	O
haar	O
bijdrage	O
met	O
in	O
te	O
gaan	O
op	O
de	O
kosten	O
.	O
Die	O
kos-	O
ten	O
zijn	O
hoger	O
uitgevallen	O
dan	O
begroot	O
,	O
maar	O
nu	O
ziet	O
zij	O
een	O
lagere	O
begroting	O
terug	O
.	O
Hoe	O
voorkomt	O
de	O
burgemeester	O
dat	O
die	O
kosten	O
opnieuw	O
hoger	O
gaan	O
uitvallen	O
?	O
Mevrouw	O
Admiraal	O
(	S-PER
ChristenUnie	O
)	O
noemt	O
de	O
verkiezingen	O
het	O
feest	O
van	O
de	O
demo-	O
cratie	O
.	O
Zij	O
vindt	O
het	O
belangrijk	O
dat	O
die	O
transparant	O
en	O
goed	O
verlopen	O
.	O
Met	O
het	O
voort-	O
zetten	O
van	O
de	O
CSO	O
ziet	O
het	O
college	O
dat	O
versterkt	O
gebeuren	O
.	O
Haar	O
fractie	O
stelt	O
enkele	O
vragen	O
naar	O
aanleiding	O
van	O
dit	O
raadsvoorstel	O
en	O
ook	O
naar	O
aanleiding	O
van	O
eerdere	O
gestelde	O
schriftelijke	O
vragen	O
.	O
150	O
Op	O
veel	O
locaties	O
bleek	O
het	O
mogelijk	O
om	O
op	O
kandidaatniveau	O
te	O
tellen	O
en	O
binnen	O
een	O
redelijke	O
tijd	O
.	O
Dit	O
proces	O
is	O
transparant	O
en	O
het	O
geeft	O
vlot	O
een	O
uitslag	O
.	O
Waarom	O
houdt	O
het	O
college	O
eraan	O
vast	O
dat	O
de	O
CSO	O
transparanter	O
is	O
als	O
het	O
juist	O
bij	O
de	O
CSO	O
totaal	O
onduidelijk	O
was	O
welke	O
stemmen	O
op	O
welk	O
moment	O
geteld	O
werden	O
.	O
Haar	O
fractie	O
is	O
het	O
eens	O
met	O
de	O
burgemeester	O
dat	O
de	O
lange	O
dagen	O
voor	O
de	O
vrijwilligers	O
op	O
het	O
stembureau	O
voorkomen	O
moeten	O
worden	O
.	O
Zij	O
kan	O
zich	O
aansluiten	O
bij	O
de	O
eerdere	O
vragen	O
die	O
gesteld	O
zijn	O
over	O
de	O
inzet	O
van	O
vrijwilligers	O
,	O
voornamelijk	O
bij	O
die	O
vragen	O
die	O
de	O
indeling	O
betroffen	O
van	O
de	O
dagen	O
in	O
shifts	O
.	O
Te	O
zien	O
is	O
dat	O
bij	O
de	O
vorige	O
verkiezingen	O
2800	O
vrijwilligers	O
zijn	O
geworven	O
.	O
Zij	O
concludeert	O
daaruit	O
dat	O
dit	O
mogelijk	O
zou	O
moeten	O
zijn	O
bij	O
verkiezingen	O
in	O
normale	O
omstandigheden	O
.	O
160	O
Zij	O
vraagt	O
hoe	O
het	O
college	O
de	O
grote	O
verschillen	O
duidt	O
die	O
optraden	O
tussen	O
de	O
eerste	O
telling	O
op	O
de	O
stembureaus	O
met	O
toegewijde	O
stembureauleden	O
,	O
aangevuld	O
met	O
frisse	O
tellers	O
en	O
de	O
uitslag	O
van	O
de	O
tweede	O
telling	O
op	O
de	O
CSO	O
die	O
blijkbaar	O
voor	O
veel	O
bureaus	O
niet	O
goed	O
verliep	O
gezien	O
de	O
grote	O
aantallen	O
correcties	O
op	O
de	O
procesverbalen	O
.	O
Zij	O
refereert	O
aan	O
de	O
inbreng	O
van	O
de	O
PvdA	O
over	O
de	O
nu	O
lager	O
begrote	O
kosten	O
.	O
Zij	O
vraagt	O
of	O
het	O
geraamde	O
bedrag	O
nu	O
beter	O
onderbouwd	O
is	O
.	O
Vanuit	O
een	O
burger	O
ontving	O
haar	O
fractie	O
nog	O
een	O
lijst	O
met	O
bezwaren	O
nadat	O
diegene	O
aan-	O
wezig	O
was	O
bij	O
de	O
vorige	O
CSO	O
en	O
die	O
zijn	O
ook	O
als	O
bezwaar	O
ingediend	O
bij	O
de	O
vaststelling	O
van	O
de	O
uitslag	O
.	O
Zij	O
merkt	O
op	O
dat	O
het	O
gaat	O
om	O
een	O
vrij	O
lange	O
lijst	O
.	O
In	O
de	O
evaluatie	O
van	O
de	O
CSO	O
leest	O
zij	O
niets	O
terug	O
over	O
hoe	O
met	O
die	O
bezwaren	O
is	O
omgegaan	O
.	O
Ze	O
krijgt	O
graag	O
170	O
een	O
toelichting	O
van	O
de	O
burgemeester	O
hoe	O
met	O
deze	O
punten	O
verder	O
te	O
werken	O
.	O
Mevrouw	O
Meerding	O
(	S-PER
VVD	O
)	O
kan	O
het	O
voorstel	O
voor	O
deelname	O
aan	O
de	O
centrale	O
stemopneming	O
steunen	O
op	O
voorwaarde	O
dat	O
er	O
aandacht	O
is	O
voor	O
het	O
navolgende	O
:	O
	O
De	O
transparantie	O
over	O
het	O
stemproces	O
naar	O
de	O
stad	O
.	O
Zij	O
vraagt	O
het	O
college	O
de	O
inwoners	O
breed	O
te	O
informeren	O
over	O
hoe	O
de	O
CSO	O
werkt	O
.	O
	O
Verzoekt	O
het	O
transport	O
van	O
de	O
stembiljetten	O
veilig	O
te	O
laten	O
verlopen	O
naar	O
het	O
centrale	O
punt	O
.	O
	O
Onbeperkt	O
toegang	O
voor	O
waarnemers	O
of	O
geïnteresseerden	O
tot	O
het	O
telproces	O
.	O
	O
Een	O
tijdige	O
start	O
van	O
het	O
werven	O
van	O
vrijwilligers	O
zij	O
pleit	O
ervoor	O
nu	O
daarmee	O
al	O
te	O
180	O
gaan	O
starten	O
.	O
De	O
heer	O
Bosch	O
(	S-PER
PVV	O
)	O
vraagt	O
of	O
de	O
VVD	O
van	O
mening	O
is	O
dat	O
de	O
vrijwilligers	O
opgeleid	O
moeten	O
zijn	O
voor	O
wat	O
ze	O
gaan	O
doen	O
in	O
het	O
kader	O
van	O
de	O
CSO	O
.	O
Mevrouw	O
Meerding	O
(	S-PER
VVD	O
)	O
heeft	O
zojuist	O
het	O
betoog	O
van	O
de	O
heer	O
Bosch	O
gehoord	S-PER
.	O
Zij	O
is	O
benieuwd	O
naar	O
de	O
antwoorden	O
van	O
de	O
burgemeester	O
.	O
Mevrouw	O
Schers	O
(	S-PER
GroenLinks	O
,	O
gastspreker	O
)	O
merkt	O
op	O
dat	O
voor	O
haar	O
fractie	O
het	O
tellen	O
en	O
transparantie	O
daarin	O
voorop	O
staan	O
.	O
Wat	O
haar	O
fractie	O
betreft	O
kan	O
de	O
CSO	O
daaraan	O
bijdragen	O
door	O
onder	O
andere	O
ervoor	O
te	O
zorgen	O
dat	O
er	O
minder	O
lange	O
dagen	O
gemaakt	O
Griffie	O
Gemeenteraad	O
Utrecht	O
Verslag	O
van	O
de	O
openbare	O
fysieke	O
vergadering	O
van	O
de	O
Commissie	O
Mens	O
&	O
Samenleving	O
op	O
30	O
september	O
2021	O
Pagina	O
5	O
van	O
12	O
worden	O
door	O
de	O
leden	O
van	O
de	O
stembureaus	O
en	O
te	O
tellen	O
met	O
frisse	O
mensen	O
,	O
zoals	O
190	O
beoogd	O
in	O
dit	O
raadsvoorstel	O
.	O
Bij	O
de	O
Tweede	O
Kamerverkiezingen	O
vorig	O
jaar	O
is	O
ervaring	O
opgedaan	O
met	O
het	O
experiment	O
met	O
de	O
CSO	O
.	O
Daarmee	O
zijn	O
goede	O
lessen	O
geleerd	O
die	O
in	O
de	O
komende	O
verkiezingen	O
meegenomen	O
lijken	O
te	O
worden	O
.	O
Ze	O
denkt	O
daarbij	O
bijvoorbeeld	O
aan	O
het	O
zichtbaar	O
maken	O
op	O
welke	O
tafel	O
van	O
welk	O
stembureau	O
de	O
stemmen	O
worden	O
geteld	O
.	O
Zij	O
geeft	O
burgemeester	O
mee	O
dat	O
in	O
de	O
beeldvorming	O
voorkomen	O
moet	O
worden	O
dat	O
op	O
de	O
verkiezingsdag	O
minder	O
transparant	O
geteld	O
wordt	O
dan	O
bij	O
de	O
CSO-telling	O
van	O
de	O
stemmen	O
.	O
De	O
eerste	O
is	O
dan	O
wel	O
niet	O
de	O
officiële	O
uitslag	O
.	O
Verschillen	O
in	O
tellingen	O
zijn	O
voor	O
het	O
vertrouwen	O
in	O
de	O
uitslag	O
uiterst	O
onwenselijk	O
.	O
Dat	O
geldt	O
dan	O
ook	O
voor	O
de	O
beeldvorming	O
over	O
de	O
transparantie	O
in	O
de	O
tellingen	O
.	O
.	O
200	O
Met	O
betrekking	O
tot	O
de	O
toegankelijkheid	O
merkt	O
mevrouw	O
Schers	O
op	S-PER
dat	O
GroenLinks	O
het	O
eens	O
is	O
met	O
de	O
burgemeester	O
dat	O
de	O
dichtheid	O
van	O
de	O
stembureaus	O
door	O
de	O
hele	O
stad	O
voldoende	O
zou	O
moeten	O
zijn	O
.	O
De	O
afwezigheid	O
van	O
stembureaus	O
die	O
voldoet	O
aan	O
alle	O
toegankelijkheidseisen	O
blijft	O
haars	O
inziens	O
een	O
probleem	O
stemmen	O
is	O
een	O
basisrecht	O
waar	O
niemand	O
belemmeringen	O
zou	O
moeten	O
ervaren	O
.	O
Daarom	O
sluit	O
ze	O
zich	O
graag	O
aan	O
bij	O
de	O
vragen	O
van	O
mevrouw	O
Assen	O
over	S-PER
dit	O
onderwerp	O
.	O
Mevrouw	O
Van	O
Dun	B-PER
(	E-PER
D66	O
)	O
licht	O
toe	O
dat	O
voor	O
haar	O
fractie	O
het	O
niet	O
duidelijk	O
is	O
dat	O
er	O
meerwaarde	O
zit	O
in	O
het	O
voorliggende	O
voorstel	O
tegenover	O
het	O
gewone	O
reguliere	O
stem-	O
men	O
,	O
zeker	O
wanneer	O
er	O
geen	O
coronamaatregelen	O
zijn	O
,	O
is	O
de	O
noodzaak	O
wat	O
haar	O
frac-	O
210	O
tie	O
betreft	O
er	O
niet	O
om	O
dit	O
te	O
doen	O
.	O
Zij	O
krijgt	O
graag	O
de	O
reflectie	O
van	O
de	O
burgemeester	O
hierop	O
.	O
Destijds	O
is	O
ingestemd	O
met	O
de	O
CSO	O
vooral	O
vanwege	O
de	O
coronamaatregelen	O
.	O
Het	O
tellen	O
in	O
de	O
Jaarbeurs	O
zou	O
de	O
tellers	O
meer	O
ruimte	O
bieden	O
.	O
Dat	O
was	O
op	O
dat	O
moment	O
ook	O
erg	O
belangrijk	O
.	O
De	O
raad	O
vond	O
de	O
kosten	O
toen	O
erg	O
hoog	O
.	O
Dit	O
experiment	O
werd	O
gedaan	O
op	O
verzoek	O
van	O
het	O
Rijk	O
.	O
Toch	O
heeft	O
het	O
Rijk	O
voor	O
maart	O
2021	O
slechts	O
een	O
fractie	O
ver-	O
goed	O
.	O
Destijds	O
verzocht	O
de	O
raad	O
de	O
burgemeester	O
dringend	O
de	O
rekening	O
neer	O
te	O
leg-	O
gen	O
bij	O
het	O
ministerie	O
van	O
Binnenlandse	O
Zaken	O
.	O
Zij	O
vraagt	O
of	O
de	O
burgemeester	O
wil	O
be-	O
vestigen	O
dat	O
zij	O
dat	O
gaat	O
doen	O
en	O
dat	O
zij	O
de	O
raad	O
daarover	O
gaat	O
informeren	O
.	O
Zij	O
sluit	O
zich	O
graag	O
aan	O
bij	O
de	O
inbreng	O
over	O
de	O
vrijwilligers	O
.	O
Zij	O
ziet	O
wel	O
degelijk	O
de	O
220	O
voordelen	O
in	O
van	O
verschillende	O
shifts	O
en	O
eventuele	O
nachtploegen	O
.	O
Zij	O
wacht	O
de	O
reactie	O
van	O
de	O
burgemeester	O
af	O
.	O
D66	O
wil	O
geen	O
experiment	O
met	O
een	O
nieuwe	O
variant	O
stembiljetten	O
.	O
Dat	O
maakt	O
de	O
kandi-	O
daten	O
in	O
haar	O
beleving	O
onzichtbaar	O
.	O
Zij	O
vraagt	O
of	O
de	O
burgemeester	O
kan	O
bevestigen	O
dat	O
Utrecht	O
dat	O
niet	O
gaat	O
doen	O
.	O
Binnenlandse	O
Zaken	O
gaat	O
aan	O
de	O
slag	O
met	O
early	O
voting	O
en	O
brief	O
stemmen	O
.	O
Bijna	O
11.000	O
mensen	O
stemden	O
in	O
Utrecht	O
per	O
brief	O
.	O
Zij	O
waren	O
daarover	O
heel	O
positief	O
.	O
Zij	O
vraagt	O
of	O
de	O
burgemeester	O
bereid	O
is	O
zich	O
hiervoor	O
in	O
te	O
zetten	O
bij	O
het	O
Rijk	O
.	O
De	O
heer	O
Bosch	O
(	S-PER
PVV	O
)	O
merkt	O
op	O
dat	O
het	O
brief	O
stemmen	O
ook	O
een	O
coronamaatregel	O
was	O
en	O
die	O
maatregel	O
ziet	O
mevrouw	O
Van	O
Dun	B-PER
wél	E-PER
zitten	O
.	O
Hij	O
vraagt	O
hoe	O
hij	O
dit	O
moet	O
230	O
duiden	O
.	O
Mevrouw	O
Van	O
Dun	B-PER
(	E-PER
D66	O
)	O
licht	O
toe	O
dat	O
de	O
CSO	O
is	O
wat	O
er	O
uiteindelijk	O
gedaan	O
wordt	O
met	O
de	O
uitgebrachte	O
stemmen	O
,	O
waar	O
die	O
geteld	O
worden	O
.	O
Zij	O
vindt	O
het	O
uitbrengen	O
van	O
een	O
stem	O
per	O
brief	O
van	O
een	O
andere	O
orde	O
.	O
Daarover	O
wil	O
zij	O
meer	O
duidelijkheid	O
.	O
De	O
heer	O
Bosch	O
(	S-PER
PVV	O
)	O
vraagt	O
of	O
mevrouw	O
Van	O
Dun	B-PER
het	E-PER
met	O
hem	O
eens	O
is	O
dat	O
het	O
stemmen	O
via	O
een	O
brief	O
eigenlijk	O
heel	O
uitzonderlijk	O
was	O
omdat	O
geen	O
zekerheid	O
kan	O
zijn	O
over	O
wie	O
de	O
brief	O
invult	O
.	O
Griffie	O
Gemeenteraad	O
Utrecht	O
Verslag	O
van	O
de	O
openbare	O
fysieke	O
vergadering	O
van	O
de	O
Commissie	O
Mens	O
&	O
Samenleving	O
op	O
30	O
september	O
2021	O
Pagina	O
6	O
van	O
12	O
Mevrouw	O
Van	O
Dun	B-PER
(	E-PER
D66	O
)	O
bevestigt	O
dat	O
daartegen	O
bepaalde	O
bezwaren	O
zijn	O
.	O
Zij	O
wil	O
graag	O
nagaan	O
wat	O
daarvan	O
het	O
nut	O
is	O
en	O
of	O
de	O
gemeente	O
daarmee	O
door	O
moet	O
gaan	O
of	O
niet	O
en	O
welke	O
ervaring	O
daarmee	O
is	O
opgedaan	O
.	O
240	O
92	O
%	O
van	O
de	O
stembureaus	O
is	O
toegankelijk	O
-	O
zij	O
is	O
het	O
eens	O
met	O
mevrouw	O
Assen	O
dat	S-PER
daarin	O
meer	O
ambitie	O
kan	O
zitten	O
om	O
naar	O
die	O
100	O
%	O
toe	O
te	O
gaan	O
.	O
D66	O
vindt	O
dat	O
heel	O
erg	O
belangrijk	O
.	O
De	O
vorige	O
keer	O
is	O
gebruik	O
gemaakt	O
van	O
de	O
druktemeterapp	O
.	O
Die	O
app	O
lijkt	O
haar	O
fractie	O
ook	O
buiten	O
corona	O
nuttig	O
.	O
Zij	O
krijgt	O
graag	O
de	O
reactie	O
van	O
de	O
burgemeester	O
.	O
Mevrouw	O
De	O
Vries	B-PER
(	E-PER
Partij	O
voor	O
de	O
Dieren	O
)	O
is	O
positief	O
over	O
het	O
voorliggende	O
voorstel	O
.	O
Zij	O
brengt	O
een	O
aantal	O
aandachtspunten	O
in	O
die	O
ook	O
langskwamen	O
bij	O
de	O
andere	O
fracties	O
:	O
	O
de	O
communicatie	O
naar	O
inwoners	O
250	O
	O
het	O
vervoer	O
van	O
de	O
stembiljetten	O
	O
de	O
mindere	O
belasting	O
van	O
vrijwilligers	O
als	O
gevolg	O
van	O
het	O
voorstel	O
.	O
Haar	O
fractie	O
vraagt	O
zich	O
af	O
of	O
die	O
mindere	O
belasting	O
er	O
ook	O
daadwerkelijk	O
zal	O
zijn	O
	O
Ook	O
haar	O
fractie	O
ziet	O
de	O
voordelen	O
in	O
van	O
de	O
verschillende	O
shifts	O
	O
De	O
kosten	O
zijn	O
lager	O
dan	O
de	O
vorige	O
keer	O
zij	O
vraagt	O
waar	O
de	O
onderbouwing	O
van	O
de	O
begroting	O
Mevrouw	O
Kendir	O
(	S-PER
Student	O
&	O
Starter	O
)	O
staat	O
positief	O
tegenover	O
het	O
voorliggende	O
raads-	O
voorstel	O
.	O
Haar	O
fractie	O
ziet	O
nog	O
wel	O
een	O
aantal	O
verbeterpunten	O
waarvoor	O
zij	O
aandacht	O
vraagt	O
:	O
260	O
Zij	O
las	O
bij	O
de	O
vorige	O
verkiezingen	O
dat	O
er	O
moeite	O
was	O
met	O
het	O
werven	O
van	O
medewerkers	O
op	O
de	O
stembureaus	O
.	O
Haar	O
fractie	O
ziet	O
hierin	O
kansen	O
:	O
jongeren	O
zijn	O
over	O
het	O
algemeen	O
relatief	O
flexibeler	O
dan	O
de	O
gemiddelde	O
burger	O
.	O
Zij	O
vraagt	O
de	O
toezegging	O
van	O
de	O
burge-	O
meester	O
in	O
het	O
communicatieprogramma	O
voor	O
het	O
werven	O
van	O
medewerkers	O
op	O
deze	O
dag	O
vooral	O
in	O
te	O
zetten	O
op	O
het	O
werven	O
van	O
jongeren	O
.	O
Haar	O
fractie	O
ziet	O
kansen	O
in	O
gesprekken	O
met	O
bedrijven/organisaties	O
die	O
maatschappe-	O
lijk	O
een	O
bijdrage	O
willen	O
leveren	O
en	O
hun	O
medewerkers	O
een	O
dag	O
vrij	O
kunnen	O
geven	O
op	O
de	O
dag	O
van	O
het	O
stemmen	O
.	O
Zij	O
vraagt	O
of	O
de	O
burgemeester	O
kan	O
toezeggen	O
om	O
daarover	O
het	O
gesprek	O
aan	O
te	O
gaan	O
met	O
bedrijven	O
.	O
Haar	O
fractie	O
ontving	O
daarnaast	O
ook	O
signalen	O
over	O
mogelijke	O
verbeterpunten	O
in	O
het	O
270	O
selectieproces	O
omdat	O
er	O
heel	O
veel	O
mensen	O
bij	O
de	O
vorige	O
verkiezingen	O
onzeker	O
waren	O
tot	O
op	O
het	O
laatste	O
moment	O
over	O
of	O
ze	O
inzetbaar	O
waren	O
.	O
In	O
haar	O
fractie	O
heerste	O
verba-	O
zing	O
over	O
het	O
bericht	O
over	O
personeelstekort	O
.	O
Zij	O
geeft	O
de	O
burgemeester	O
mee	O
hierin	O
verbetermogelijkheden	O
te	O
zien	O
Tot	O
slot	O
merkt	O
zij	O
op	O
over	O
de	O
toegankelijkheid	O
dat	O
zij	O
meerdere	O
stembureaus	O
wenst	O
voor	O
slechtzienden	O
en	O
slechthorenden	O
.	O
Dat	O
zou	O
wat	O
haar	O
betreft	O
beter	O
passen	O
bij	O
Utrecht	O
als	O
inclusieve	O
stad	O
.	O
Zij	O
vraagt	O
de	O
reactie	O
van	O
de	O
burgemeester	O
hierop	O
.	O
De	O
heer	O
Sungur	O
(	S-PER
DENK	O
)	O
sluit	O
zich	O
aan	O
bij	O
wat	O
gezegd	O
is	O
over	O
toegankelijkheid	O
van	O
stembureaus	O
.	O
Voor	O
het	O
overige	O
lijkt	O
het	O
zijn	O
fractie	O
een	O
prima	O
voorstel	O
.	O
280	O
Korte	O
schorsing	O
en	O
heropening	O
van	O
de	O
vergadering	O
.	O
Burgemeester	O
Dijksma	O
beantwoordt	S-PER
de	O
gestelde	O
vragen	O
.	O
Zij	O
merkt	O
dat	O
er	O
een	O
grote	O
mate	O
aan	O
betrokkenheid	O
en	O
kennis	O
is	O
in	O
de	O
commissie	O
.	O
Dat	O
helpt	O
het	O
bestuur	O
om	O
het	O
proces	O
te	O
verbeteren	O
.	O
Griffie	O
Gemeenteraad	O
Utrecht	O
Verslag	O
van	O
de	O
openbare	O
fysieke	O
vergadering	O
van	O
de	O
Commissie	O
Mens	O
&	O
Samenleving	O
op	O
30	O
september	O
2021	O
Pagina	O
7	O
van	O
12	O
Zij	O
sluit	O
zich	O
aan	O
bij	O
de	O
complimenten	O
die	O
de	O
heer	O
Van	O
Steeg	B-PER
en	E-PER
mevrouw	O
Assen	O
heeft	S-PER
gemaakt	O
in	O
ieder	O
geval	O
in	O
de	O
richting	O
van	O
de	O
vrijwilligers	O
en	O
in	O
de	O
richting	O
van	O
de	O
me-	O
dewerkers	O
van	O
de	O
gemeente	O
.	O
Vandaag	O
laat	O
het	O
bestuur	O
vooral	O
zijn	O
licht	O
schijnen	O
op	O
de	O
dingen	O
die	O
voor	O
verbetering	O
in	O
aanmerking	O
komen	O
.	O
Daarover	O
zijn	O
college	O
en	O
raad	O
290	O
het	O
eens	O
.	O
Zij	O
beschouwt	O
de	O
vraag	O
van	O
mevrouw	O
Van	O
Dun	B-PER
als	E-PER
een	O
principiële	O
.	O
De	O
burgemeester	O
zou	O
het	O
onverstandig	O
vinden	O
dit	O
niet	O
te	O
doen	O
.	O
Zij	O
attendeert	O
de	O
commissie	O
op	O
een	O
wetsvoorstel	O
waardoor	O
de	O
gemeente	O
niet	O
meer	O
de	O
keuze	O
zou	O
hebben	O
wanneer	O
die	O
zou	O
worden	O
aangenomen	O
.	O
Zij	O
vindt	O
het	O
dan	O
onverstandig	O
om	O
dat	O
te	O
negeren	O
.	O
Mevrouw	O
Admiraal	O
(	S-PER
ChristenUnie	O
)	O
merkt	O
op	O
dat	O
in	O
het	O
wetsvoorstel	O
staat	O
dat	O
een	O
CSO	O
een	O
keus	O
is	O
.	O
In	O
het	O
wetsvoorstel	O
staat	O
ook	O
dat	O
in	O
elke	O
gemeente	O
een	O
belangen-	O
afweging	O
moet	O
worden	O
gemaakt	O
in	O
of	O
men	O
CSO	O
beter	O
en	O
transparanter	O
vindt	O
.	O
Zij	O
benadrukt	O
dat	O
een	O
CSO	O
geen	O
verplichting	O
is	O
.	O
Mevrouw	O
Van	O
Dun	B-PER
(	E-PER
D66	O
)	O
sluit	O
zich	O
daar	O
graag	O
bij	O
aan	O
.	O
300	O
Burgemeester	O
Dijksma	O
heeft	S-PER
begrepen	O
dat	O
wanneer	O
het	O
een	O
wetsvoorstel	O
wordt	O
,	O
het	O
voor	O
de	O
gemeente	O
zal	O
leiden	O
tot	O
een	O
situatie	O
waarin	O
zij	O
dit	O
zou	O
moeten	O
uitvoeren	O
.	O
Dat	O
heeft	O
te	O
maken	O
met	O
het	O
logistieke	O
proces	O
.	O
Het	O
tellen	O
op	O
kandidaatniveau	O
stelt	O
de	O
gemeente	O
in	O
de	O
huidige	O
situatie	O
voor	O
een	O
aantal	O
echt	O
grote	O
problemen	O
.	O
Mevrouw	O
Van	O
Dun	B-PER
(	E-PER
D66	O
)	O
merkt	O
op	O
dat	O
de	O
gemeente	O
er	O
al	O
ervaring	O
mee	O
heeft	O
.	O
Zij	O
verzet	O
zich	O
tegen	O
bangmakerij	O
.	O
Burgemeester	O
Dijksma	O
benadrukt	S-PER
dat	O
het	O
haar	O
er	O
om	O
gaat	O
dit	O
zo	O
goed	O
mogelijk	O
te	O
organiseren	O
:	O
met	O
het	O
aantal	O
stemmen	O
,	O
met	O
de	O
maatregelen	O
waarmee	O
de	O
gemeente	O
steeds	O
meer	O
te	O
maken	O
krijgt	O
,	O
met	O
de	O
druk	O
op	O
de	O
vrijwilligers	O
.	O
Velen	O
vroegen	O
het	O
be-	O
hapbaarder	O
te	O
maken	O
.	O
Het	O
voordeel	O
van	O
dit	O
model	O
is	O
dat	O
dit	O
mogelijk	O
is	O
.	O
Dat	O
is	O
niet	O
310	O
gelukt	O
op	O
alle	O
stembureaus	O
maar	O
wel	O
op	O
vele	O
.	O
Zij	O
ziet	O
grote	O
voordelen	O
over	O
de	O
hele	O
linie	O
gezien	O
.	O
Zij	O
benoemt	O
een	O
aantal	O
pijnpunten	O
:	O
het	O
vervoer	O
van	O
de	O
stembiljetten	O
naar	O
het	O
centrale	O
punt	O
.	O
Dat	O
kwam	O
ook	O
aan	O
de	O
orde	O
in	O
de	O
schriftelijke	O
vragen	O
.	O
Ook	O
daar	O
is	O
gezegd	O
dat	O
dat	O
een	O
punt	O
van	O
kritiek	O
is	O
dat	O
het	O
bestuur	O
gaat	O
oppakken	O
.	O
Het	O
vervoer	O
duurde	O
te	O
lang	O
.	O
Dat	O
moet	O
beter	O
.	O
Vraag	O
is	O
hoe	O
de	O
herleidbaarheid	O
te	O
regelen	O
van	O
de	O
stembureaus	O
bij	O
de	O
centrale	O
telling	O
.	O
Dat	O
is	O
een	O
punt	O
dat	O
verbeterd	O
moet	O
worden	O
.	O
Het	O
is	O
belangrijk	O
die	O
één	O
op	O
één	O
relatie	O
te	O
kunnen	O
leggen	O
.	O
Dat	O
is	O
in	O
de	O
evaluatie	O
voor	O
het	O
college	O
een	O
belangrijk	O
leerpunt	O
geweest	O
.	O
320	O
Met	O
betrekking	O
tot	O
de	O
positie	O
van	O
de	O
vrijwilligers	O
zet	O
de	O
burgemeester	O
uiteen	O
dat	O
velen	O
van	O
hen	O
nodig	O
waren	O
en	O
dat	O
er	O
ook	O
mensen	O
stand-by	O
moesten	O
zijn	O
.	O
Het	O
ging	O
om	O
heel	O
veel	O
meer	O
mensen	O
dan	O
in	O
het	O
verleden	O
.	O
De	O
burgemeester	O
bevestigt	O
dat	O
de	O
lat	O
niet	O
zo	O
hoog	O
moet	O
liggen	O
dat	O
mensen	O
het	O
niet	O
meer	O
willen	O
doen	O
.	O
Als	O
het	O
gaat	O
om	O
opleidingen	O
,	O
zijn	O
er	O
begeleiders	O
te	O
raadplegen	O
in	O
situaties	O
van	O
twijfel	O
.	O
Ook	O
de	O
medewerkers	O
van	O
de	O
gemeente	O
zijn	O
aanwezig	O
.	O
Mensen	O
worden	O
voorbereid	O
en	O
getraind	O
op	O
wat	O
van	O
hen	O
verwacht	O
wordt	O
.	O
Zo	O
probeert	O
het	O
college	O
dit	O
op	O
te	O
lossen	O
.	O
De	O
heer	O
Bosch	O
(	S-PER
PVV	O
)	O
merkt	O
op	O
dat	O
heel	O
specifiek	O
de	O
teller	O
een	O
instructie	O
is	O
te	O
geven	O
op	O
wat	O
een	O
ongeldig	O
biljet	O
is	O
en	O
wat	O
niet	O
.	O
Hij	O
vraagt	O
of	O
het	O
college	O
het	O
daar	O
specifiek	O
op	O
gaat	O
zetten	O
.	O
330	O
Burgemeester	O
Dijksma	O
antwoordt	S-PER
dat	O
dit	O
precies	O
het	O
punt	O
is	O
waarover	O
de	O
instructie	O
moet	O
gaan	O
.	O
Aan	O
deze	O
instructie	O
wordt	O
verder	O
gewerkt	O
.	O
Zij	O
maakt	O
graag	O
gebruik	O
van	O
ervaringsdeskundigen	O
.	O
De	O
instructie	O
moet	O
erop	O
gericht	O
zijn	O
zo	O
dat	O
de	O
medewerkers	O
in	O
staat	O
zijn	O
om	O
op	O
het	O
juiste	O
moment	O
hulp	O
in	O
te	O
roepen	O
.	O
Het	O
is	O
ook	O
waar	O
dat	O
het	O
toekij-	O
ken	O
belangrijk	O
is	O
.	O
De	O
burgemeester	O
deelt	O
mee	O
dat	O
de	O
gemeente	O
gesproken	O
heeft	O
met	O
Griffie	O
Gemeenteraad	O
Utrecht	O
Verslag	O
van	O
de	O
openbare	O
fysieke	O
vergadering	O
van	O
de	O
Commissie	O
Mens	O
&	O
Samenleving	O
op	O
30	O
september	O
2021	O
Pagina	O
8	O
van	O
12	O
de	O
burger	O
die	O
heeft	O
ingesproken	O
.	O
Zij	O
bevestigt	O
dat	O
de	O
transparantie	O
die	O
de	O
commissie	O
bepleit	O
,	O
nodig	O
is	O
.	O
De	O
burgemeester	O
bevestigt	O
dat	O
de	O
kosten	O
hoger	O
zijn	O
met	O
de	O
CSO	O
.	O
Die	O
zijn	O
niet	O
in	O
alle	O
gevallen	O
opgenomen	O
in	O
de	O
begrotingen	O
voor	O
de	O
toekomst	O
.	O
Het	O
college	O
zal	O
een	O
voor-	O
stel	O
doen	O
bij	O
de	O
Voorjaarsnota	O
.	O
De	O
kosten	O
zullen	O
lager	O
zijn	O
dan	O
de	O
afgelopen	O
keer	O
.	O
Nu	O
340	O
hoeft	O
de	O
gemeente	O
geen	O
externe	O
projectleider	O
meer	O
in	O
te	O
huren	O
.	O
Het	O
is	O
niet	O
goedko-	O
per	O
.	O
Het	O
heeft	O
voor	O
de	O
vrijwilligers	O
voordelen	O
omdat	O
de	O
werkdag	O
op	O
de	O
dag	O
zelf	O
te	O
bekorten	O
is	O
.	O
De	O
heer	O
Sungur	O
(	S-PER
DENK	O
)	O
vindt	O
dat	O
de	O
democratie	O
wel	O
iets	O
mag	O
kosten	O
,	O
zeker	O
wan-	O
neer	O
dat	O
leidt	O
tot	O
meer	O
transparantie	O
en	O
zorgvuldigheid	O
.	O
Hij	O
meent	O
gelezen	O
te	O
hebben	O
in	O
het	O
voorstel	O
dat	O
het	O
Rijk	O
een	O
deel	O
van	O
de	O
kosten	O
op	O
zich	O
zou	O
nemen	O
.	O
Hij	O
vraagt	O
of	O
dat	O
een	O
structurele	O
bekostiging	O
zal	O
zijn	O
in	O
het	O
geval	O
de	O
gemeente	O
hiervoor	O
kiest	O
in	O
de	O
toekomst	O
,	O
of	O
gaat	O
de	O
bekostiging	O
alleen	O
om	O
het	O
experiment	O
?	O
Burgemeester	O
Dijksma	O
zet	S-PER
uiteen	O
dat	O
voor	O
het	O
experiment	O
een	O
extra	O
bijdrage	O
is	O
ontvangen	O
van	O
BZK	O
.	O
Zij	O
zal	O
hier	O
in	O
de	O
tweede	O
termijn	O
op	O
terugkomen	O
.	O
350	O
De	O
bijdrage	O
van	O
het	O
Rijk	O
was	O
10.000	O
euro	O
.	O
De	O
vorige	O
keer	O
waren	O
de	O
extra	O
kosten	O
ongeveer	O
247.000	O
euro	O
.	O
Zij	O
weet	O
niet	O
wat	O
BZK	O
met	O
het	O
wetsvoorstel	O
gaat	O
doen	O
in	O
de	O
richting	O
van	O
de	O
gemeen-	O
ten	O
als	O
het	O
gaat	O
om	O
extra	O
kosten	O
.	O
Zij	O
zal	O
de	O
beantwoording	O
daarvan	O
in	O
de	O
tweede	O
termijn	O
op	O
zich	O
nemen	O
.	O
Doorlopend	O
worden	O
gesprekken	O
gevoerd	O
omdat	O
de	O
bijdragen	O
lang	O
niet	O
altijd	O
kostendekkend	O
zijn	O
en	O
de	O
eisen	O
aan	O
de	O
gemeenten	O
hoger	O
dan	O
waar-	O
voor	O
men	O
wil	O
betalen	O
.	O
Deze	O
discussie	O
is	O
voortgaand	O
.	O
Verschillende	O
raadsleden	O
hebben	O
geopperd	O
dat	O
eerder	O
begonnen	O
moet	O
worden	O
met	O
werven	O
.	O
Dan	O
moet	O
eerst	O
duidelijk	O
zijn	O
voor	O
welk	O
systeem	O
geworven	O
zal	O
worden	O
.	O
Daar-	O
voor	O
is	O
het	O
belangrijk	O
eerst	O
deze	O
discussie	O
te	O
hebben	O
afgerond	O
.	O
Het	O
is	O
mogelijk	O
een	O
360	O
uitvraag	O
te	O
doen	O
om	O
de	O
interesse	O
na	O
te	O
gaan	O
.	O
Zij	O
vindt	O
enkele	O
suggesties	O
van	O
Student	O
&	O
Starter	O
ook	O
interessant	O
:	O
na	O
te	O
gaan	O
of	O
nieuwe	O
partners	O
te	O
vinden	O
zijn	O
.	O
Dat	O
kan	O
van	O
pas	O
komen	O
omdat	O
de	O
gemeente	O
veel	O
mensen	O
nodig	O
heeft	O
,	O
ook	O
mensen	O
op	O
de	O
reser-	O
velijst	O
.	O
De	O
gemeente	O
heeft	O
een	O
ambitie	O
om	O
de	O
toegankelijkheid	O
steeds	O
verder	O
te	O
verbeteren	O
.	O
De	O
gemakkelijkste	O
manier	O
is	O
alle	O
niet-toegankelijke	O
stembureaus	O
te	O
sluiten	O
.	O
Dan	O
heeft	O
Utrecht	O
100	O
%	O
toegankelijke	O
stembureaus	O
.	O
De	O
dichtheidsgraad	O
van	O
de	O
stembureaus	O
neemt	O
dan	O
wel	O
af	O
.	O
Het	O
gemeentebestuur	O
vindt	O
de	O
nabijheid	O
ook	O
heel	O
erg	O
belangrijk	O
.	O
Het	O
college	O
let	O
goed	O
op	O
bij	O
de	O
locatiekeuze	O
.	O
Elk	O
jaar	O
stijgt	O
het	O
percentage	O
toegankelijk-	O
heid	O
.	O
De	O
fase	O
waarin	O
de	O
gemeente	O
nu	O
zit	O
is	O
die	O
vanuit	O
de	O
vraag	O
hoe	O
het	O
mogelijk	O
is	O
de	O
370	O
toegankelijkheid	O
steeds	O
verder	O
te	O
verbeteren	O
.	O
De	O
heer	O
Bosch	O
(	S-PER
PVV	O
)	O
doet	O
de	O
suggestie	O
het	O
recht	O
van	O
vordering	O
toe	O
te	O
passen	O
.	O
Burgemeester	O
Dijksma	O
geeft	S-PER
de	O
voorkeur	O
aan	O
het	O
vinden	O
van	O
goede	O
locaties	O
boven	O
het	O
vorderen	O
van	O
locaties	O
.	O
Het	O
college	O
spant	O
zich	O
daarvoor	O
in	O
.	O
Zij	O
schetst	O
de	O
ervaring	O
met	O
een	O
goed	O
initiatief	O
van	O
een	O
van	O
de	O
burgers	O
.	O
Mevrouw	O
Assen	O
(	S-PER
PvdA	O
)	O
verwacht	O
dat	O
iedereen	O
begrijpt	O
dat	O
het	O
niet	O
reëel	O
is	O
om	O
te	O
eisen	O
dat	O
het	O
percentage	O
op	O
100	O
%	O
ligt	O
bij	O
de	O
volgende	O
verkiezingen	O
met	O
dezelfde	O
nabijheid	O
als	O
nu	O
.	O
Zij	O
is	O
het	O
eens	O
met	O
mevrouw	O
Kendir	O
over	S-PER
dat	O
het	O
voorbeeld	O
van	O
het	O
heel	O
toegankelijk	O
stembureau	O
op	O
het	O
stadskantoor	O
heel	O
mooi	O
is	O
,	O
maar	O
ze	O
heeft	O
er	O
wel	O
behoefte	O
aan	O
de	O
lat	O
steeds	O
hoger	O
te	O
leggen	O
en	O
meer	O
ambitie	O
uit	O
te	O
spreken	O
op	O
dit	O
380	O
onderwerp	O
.	O
Zij	O
gaat	O
ervan	O
uit	O
dat	O
de	O
daden	O
dan	O
volgen	O
.	O
Burgemeester	O
Dijksma	O
heeft	S-PER
de	O
ervaring	O
hierin	O
ambitieus	O
te	O
zijn	O
en	O
dat	O
ook	O
echt	O
gezocht	O
wordt	O
.	O
Uiteindelijk	O
is	O
het	O
de	O
doelstelling	O
om	O
naar	O
een	O
100	O
%	O
toe	O
te	O
gaan	O
.	O
Zij	O
herhaalt	O
haar	O
informatie	O
.	O
Zij	O
bepleit	O
realiteitszin	O
in	O
dezen	O
.	O
Griffie	O
Gemeenteraad	O
Utrecht	O
Verslag	O
van	O
de	O
openbare	O
fysieke	O
vergadering	O
van	O
de	O
Commissie	O
Mens	O
&	O
Samenleving	O
op	O
30	O
september	O
2021	O
Pagina	O
9	O
van	O
12	O
Mevrouw	O
Kendir	O
(	S-PER
Student	O
&	O
Starter	O
)	O
begrijpt	O
dat	O
het	O
lastig	O
is	O
in	O
één	O
keer	O
de	O
ambitie	O
waar	O
te	O
maken	O
.	O
Zij	O
vraagt	O
of	O
de	O
burgemeester	O
kan	O
toezeggen	O
dat	O
onderzoek	O
gedaan	O
zal	O
worden	O
naar	O
de	O
uitbreiding	O
van	O
het	O
aantal	O
toegankelijke	O
stembureaus	O
en	O
de	O
resultaten	O
daarvan	O
te	O
delen	O
met	O
de	O
raad	O
in	O
Q1	O
2022	O
.	O
Burgemeester	O
Dijksma	O
betwijfelt	S-PER
of	O
hiervoor	O
een	O
onderzoek	O
nodig	O
is	O
.	O
Zij	O
heeft	O
liever	O
dat	O
haar	O
medewerkers	O
aan	O
de	O
slag	O
gaan	O
met	O
het	O
zoeken	O
van	O
locaties	O
dan	O
dat	O
een	O
390	O
onderzoek	O
wordt	O
gedaan	O
zoals	O
nu	O
voorgesteld	O
.	O
Zij	O
zegt	O
toe	O
hierover	O
bij	O
de	O
commissie	O
terug	O
te	O
komen	O
vóór	O
de	O
verkiezingen	O
om	O
aan	O
te	O
geven	O
in	O
hoeverre	O
dit	O
is	O
gelukt	O
en	O
zo	O
jaar	O
om	O
welke	O
locaties	O
het	O
dan	O
gaat	O
.	O
Mevrouw	O
Kendir	O
(	S-PER
Student	O
&	O
Starter	O
)	O
noemt	O
dit	O
een	O
inventarisatie	O
en	O
zij	O
toont	O
haar	O
interesse	O
in	O
de	O
update	O
.	O
Mevrouw	O
Assen	O
(	S-PER
PvdA	O
)	O
begreep	O
dat	O
onder	O
toegankelijkheid	O
de	O
rolstoeltoeganke-	O
lijkheid	O
werd	O
bedoeld	O
met	O
de	O
opmerking	O
dat	O
het	O
laaghangend	O
fruit	O
al	O
geplukt	O
is	O
.	O
Zij	O
houdt	O
het	O
voor	O
mogelijk	O
dat	O
meer	O
laaghangend	O
fruit	O
te	O
vinden	O
is	O
in	O
de	O
categorie	O
opvolging	O
van	O
het	O
stembureau	O
op	O
het	O
stadskantoor	O
op	O
meer	O
locaties	O
bij	O
de	O
volgende	O
verkiezingen	O
.	O
400	O
Burgemeester	O
Dijksma	O
antwoordt	S-PER
bevestigend	O
.	O
De	O
heer	O
Sungur	O
(	S-PER
DENK	O
)	O
vraagt	O
of	O
hij	O
mag	O
aannemen	O
dat	O
de	O
niet	O
fysiek-toeganke-	O
lijke	O
bureaus	O
meegenomen	O
worden	O
in	O
de	O
update	O
.	O
Burgemeester	O
Dijksma	O
antwoordt	S-PER
bevestigend	O
.	O
Zij	O
vervolgt	O
haar	O
beantwoording	O
met	O
in	O
te	O
gaan	O
op	O
de	O
vraag	O
waarom	O
de	O
shifts	O
niet	O
terugkomen	O
.	O
Het	O
probleem	O
daarbij	O
is	O
dat	O
de	O
gemeente	O
dan	O
nog	O
meer	O
vrijwilligers	O
moet	O
werven	O
.	O
De	O
gemeente	O
beschikt	O
wel	O
over	O
een	O
behoorlijk	O
aantal	O
vrijwilligers	O
.	O
Het	O
niet	O
meer	O
tellen	O
op	O
kwalitatief	O
hoog	O
niveau	O
is	O
een	O
factor	O
in	O
de	O
bekorting	O
van	O
de	O
werkdag	O
.	O
Mevrouw	O
Admiraal	O
(	S-PER
ChristenUnie	O
)	O
stelt	O
voor	O
het	O
om	O
te	O
draaien	O
en	O
door	O
het	O
werken	O
in	O
shifts	O
de	O
gelegenheid	O
te	O
creëren	O
voor	O
het	O
werven	O
van	O
meer	O
vrijwilligers	O
.	O
410	O
Burgemeester	O
Dijksma	O
vraagt	S-PER
zich	O
af	O
of	O
dat	O
zo	O
werken	O
zal	O
.	O
Zij	O
voorziet	O
in	O
dezen	O
ook	O
praktische	O
problemen	O
.	O
De	O
burgemeester	O
licht	O
toe	O
op	O
welke	O
manier	O
het	O
werk	O
van	O
de	O
vrijwilligers	O
wordt	O
verlicht	O
.	O
Zij	O
vervolgt	O
haar	O
beantwoording	O
met	O
in	O
te	O
gaan	O
op	O
de	O
technische	O
vraag	O
:	O
het	O
gemeen-	O
telijk	O
stembureau	O
heeft	O
het	O
voorzitterschap	O
van	O
het	O
technisch	O
stembureau	O
.	O
De	O
heer	O
Bosch	O
(	S-PER
PVV	O
)	O
begrijpt	O
dat	O
die	O
dan	O
ook	O
de	O
procesverbalen	O
gaat	O
vaststellen	O
omdat	O
het	O
dan	O
gaat	O
om	O
de	O
definitieve	O
stemming	O
.	O
Burgemeester	O
Dijksma	O
antwoordt	S-PER
bevestigend	O
.	O
De	O
heer	O
Bosch	O
(	S-PER
PVV	O
)	O
houdt	O
het	O
voor	O
mogelijk	O
hierover	O
bij	O
de	O
commissie	O
terug	O
te	O
komen	O
.	O
420	O
De	O
voorzitter	O
deelt	O
mee	O
dat	O
na	O
deze	O
vergadering	O
in	O
technische	O
zin	O
te	O
overleggen	O
is	O
met	O
de	O
adviseurs	O
van	O
de	O
burgemeester	O
.	O
Burgemeester	O
Dijksma	O
biedt	S-PER
dat	O
van	O
harte	O
aan	O
.	O
Zij	O
doet	O
de	O
suggestie	O
dan	O
ook	O
te	O
spreken	O
over	O
de	O
instructie	O
.	O
Over	O
early	O
voting	O
kan	O
de	O
burgemeester	O
niet	O
voorspellen	O
of	O
dat	O
ook	O
deze	O
keer	O
weer	O
aan	O
de	O
orde	O
zal	O
zijn	O
.	O
Dit	O
zal	O
bepaald	O
worden	O
door	O
het	O
ministerie	O
.	O
De	O
druktemeterapp	O
vindt	O
de	O
burgemeester	O
briljant	O
.	O
Zij	O
vindt	O
dat	O
die	O
druktemeterapp	O
moet	O
blijven	O
.	O
Hiermee	O
rondt	O
zij	O
haar	O
beantwoording	O
af	O
.	O
Gemiste	O
antwoorden	O
430	O
Mevrouw	O
Kendir	O
(	S-PER
Student	O
&	O
Starter	O
)	O
merkt	O
op	O
dat	O
de	O
burgemeester	O
positief	O
stond	O
tegenover	O
de	O
suggesties	O
van	O
haar	O
fractie	O
.	O
Zij	O
vraagt	O
wanneer	O
zij	O
een	O
update	O
kan	O
Griffie	O
Gemeenteraad	O
Utrecht	O
Verslag	O
van	O
de	O
openbare	O
fysieke	O
vergadering	O
van	O
de	O
Commissie	O
Mens	O
&	O
Samenleving	O
op	O
30	O
september	O
2021	O
Pagina	O
10	O
van	O
12	O
verwachten	O
over	O
het	O
gesprek	O
dat	O
gevoerd	O
zal	O
worden	O
met	O
de	O
bedrijven	O
en	O
het	O
communicatieteam	O
.	O
De	O
voorzitter	O
beschouwt	O
dit	O
als	O
een	O
nieuw	O
onderwerp	O
.	O
De	O
heer	O
Bosch	O
(	S-PER
PVV	O
)	O
vraagt	O
hoe	O
de	O
definitieve	O
uitslag	O
mondeling	O
volgens	O
de	O
Kieswet	O
kenbaar	O
wordt	O
gemaakt	O
.	O
Hij	O
vraagt	O
of	O
het	O
gegarandeerd	O
is	O
dat	O
de	O
ongeldig	O
verklaarde	O
budgetten	O
worden	O
getoond	O
wanneer	O
burgers	O
die	O
willen	O
zien	O
.	O
440	O
Beantwoording	O
Burgemeester	O
Dijksma	O
zet	S-PER
uiteen	O
dat	O
als	O
het	O
gaat	O
om	O
hoe	O
de	O
gemeente	O
het	O
gaat	O
doen	O
met	O
vrijwilligers	O
en	O
de	O
suggesties	O
die	O
daarover	O
gedaan	O
zijn	O
,	O
zij	O
mogelijk	O
in	O
januari	O
iets	O
kan	O
zeggen	O
.	O
Zij	O
zal	O
nagaan	O
bij	O
haar	O
adviseurs	O
wat	O
haalbaar	O
is	O
.	O
Nog	O
geen	O
duidelijkheid	O
is	O
er	O
vanuit	O
BZK	O
over	O
early	O
voting	O
.	O
Als	O
het	O
gaat	O
om	O
het	O
tonen	O
van	O
ongeldige	O
biljetten	O
vermoedt	O
de	O
burgemeester	O
dat	O
het	O
belangrijk	O
is	O
dat	O
dat	O
mogelijk	O
is	O
en	O
zij	O
benadrukt	O
dat	O
dat	O
goed	O
geregeld	O
moet	O
worden	O
.	O
Tweede	O
termijn	O
450	O
Mevrouw	O
Admiraal	O
(	S-PER
ChristenUnie	O
)	O
ziet	O
de	O
noodzakelijkheid	O
nog	O
niet	O
,	O
voortkomend	O
uit	O
het	O
wetsvoorstel	O
.	O
Zij	O
krijgt	O
daarin	O
graag	O
meer	O
inzicht	O
in	O
dat	O
dit	O
een	O
grote	O
achterlig-	O
gende	O
reden	O
is	O
voor	O
het	O
raadsvoorstel	O
.	O
In	O
de	O
memorie	O
van	O
toelichting	O
wordt	O
gespro-	O
ken	O
over	O
optie	O
1	O
en	O
optie	O
2	O
.	O
Optie	O
2	O
is	O
de	O
CSO	O
.	O
Zij	O
ziet	O
graag	O
een	O
uitwerking	O
van	O
optie	O
1	O
zonder	O
de	O
CSO	O
.	O
Het	O
lijkt	O
haar	O
goede	O
informatie	O
voor	O
de	O
raad	O
.	O
De	O
heer	O
Van	O
Steeg	B-PER
(	E-PER
CDA	O
)	O
komt	O
terug	O
bij	O
de	O
commissie	O
op	O
wat	O
mevrouw	O
Admiraal	O
heeft	S-PER
gezegd	O
over	O
de	O
noodzaak	O
van	O
de	O
CSO	O
.	O
Hij	O
heeft	O
begrepen	O
uit	O
de	O
stukken	O
dat	O
de	O
stad	O
Utrecht	O
niet	O
anders	O
kan	O
.	O
Het	O
telproces	O
maakt	O
de	O
CSO	O
noodzakelijk	O
als	O
gevolg	O
van	O
wijzigingen	O
in	O
de	O
Kieswet	O
.	O
Wanneer	O
dat	O
niet	O
het	O
geval	O
is	O
,	O
moet	O
gekeken	O
worden	O
460	O
of	O
de	O
CSO	O
noodzakelijk	O
is	O
.	O
De	O
heer	O
Sungur	O
(	S-PER
DENK	O
)	O
heeft	O
zich	O
bij	O
de	O
Voorjaarsnota	O
uitgesproken	O
over	O
opkomst-	O
bevorderende	O
maatregelen	O
.	O
Wanneer	O
kan	O
hij	O
de	O
afdoening	O
van	O
de	O
desbetreffende	O
motie	O
verwachten	O
?	O
Korte	O
schorsing	O
en	O
heropening	O
van	O
de	O
vergadering	O
.	O
Burgemeester	O
Dijksma	O
begrijpt	S-PER
waarom	O
het	O
belangrijk	O
is	O
dat	O
de	O
raad	O
met	O
haar	O
kan	O
inschatten	O
waarom	O
CSO	O
noodzakelijk	O
is	O
in	O
dat	O
nieuwe	O
wetsvoorstel	O
.	O
De	O
optie	O
van	O
de	O
470	O
keuze	O
zit	O
er	O
in	O
.	O
Zij	O
refereert	O
aan	O
de	O
inbreng	O
van	O
de	O
heer	O
Van	O
Steeg	B-PER
:	E-PER
dat	O
dat	O
feitelijk	O
voor	O
Utrecht	O
geen	O
optie	O
is	O
.	O
Zij	O
zal	O
haar	O
antwoord	O
de	O
commissie	O
ook	O
schriftelijk	O
doen	O
toekomen	O
.	O
In	O
het	O
nieuwe	O
wetsvoorstel	O
is	O
de	O
normering	O
aangescherpt	O
voor	O
wat	O
een	O
foutmarge	O
kan	O
zijn	O
op	O
stembureauniveau	O
.	O
De	O
wens	O
bestaat	O
om	O
het	O
proces	O
verdergaand	O
te	O
verbeteren	O
.	O
Dat	O
betekent	O
dat	O
er	O
een	O
eis	O
komt	O
dat	O
het	O
gemeentelijk	O
stembureau	O
een	O
hertelling	O
zal	O
laten	O
plaatsvinden	O
.	O
Met	O
de	O
aantallen	O
stemmen	O
in	O
de	O
stad	O
gaat	O
het	O
niet	O
om	O
slechts	O
10	O
stembussen	O
het	O
kan	O
om	O
honderden	O
stembussen	O
gaan	O
.	O
Dat	O
maakt	O
dat	O
in	O
de	O
praktijk	O
het	O
niet	O
doenlijk	O
is	O
het	O
zo	O
te	O
doen	O
.	O
Dus	O
is	O
voor	O
de	O
gemeente	O
Utrecht	O
CSO	O
in	O
pragmatisch	O
opzicht	O
,	O
verreweg	O
de	O
enige	O
oplossing	O
.	O
480	O
Griffie	O
Gemeenteraad	O
Utrecht	O
Verslag	O
van	O
de	O
openbare	O
fysieke	O
vergadering	O
van	O
de	O
Commissie	O
Mens	O
&	O
Samenleving	O
op	O
30	O
september	O
2021	O
Pagina	O
11	O
van	O
12	O
De	O
burgemeester	O
is	O
bereid	O
een	O
bijdrage	O
te	O
leveren	O
aan	O
de	O
extra	O
kosten	O
.	O
Dat	O
neemt	O
niet	O
weg	O
dat	O
de	O
rekening	O
zal	O
oplopen	O
.	O
Zij	O
vindt	O
het	O
belangrijk	O
om	O
dat	O
te	O
noemen	O
.	O
Zij	O
gaat	O
in	O
op	O
de	O
vraag	O
van	O
de	O
heer	O
Sungur	O
over	S-PER
opkomstbevorderende	O
maatregelen	O
.	O
Het	O
college	O
deed	O
al	O
suggesties	O
.	O
Feitelijk	O
doet	O
het	O
college	O
de	O
motie	O
pas	O
af	O
bij	O
de	O
vol-	O
gende	O
verkiezingen	O
.	O
De	O
raad	O
beslist	O
over	O
het	O
formele	O
moment	O
van	O
afdoening	O
.	O
In	O
de	O
aanloop	O
naar	O
de	O
verkiezingen	O
zal	O
het	O
college	O
een	O
aantal	O
toezeggingen	O
gestand	O
doen	O
.	O
De	O
heer	O
Sungur	O
(	S-PER
DENK	O
)	O
merkt	O
op	O
dat	O
bij	O
de	O
behandeling	O
van	O
de	O
motie	O
de	O
burge-	O
meester	O
heeft	O
toegezegd	O
in	O
september	O
met	O
een	O
brief	O
bij	O
de	O
commissie	O
terug	O
te	O
ko-	O
men	O
over	O
de	O
acties	O
die	O
uitgezet	O
zouden	O
worden	O
.	O
Hij	O
vraagt	O
of	O
de	O
raad	O
mag	O
verwacht-	O
en	O
dat	O
de	O
burgemeester	O
in	O
oktober	O
de	O
raad	O
een	O
terugkoppeling	O
geeft	O
over	O
de	O
voorge-	O
490	O
nomen	O
acties	O
die	O
recht	O
doen	O
aan	O
de	O
motie	O
.	O
Burgemeester	O
Dijksma	O
antwoordt	S-PER
bevestigend	O
.	O
Als	O
het	O
gaat	O
om	O
de	O
rekening	O
aan	O
BZK	O
,	O
zet	O
de	O
burgemeester	O
uiteen	O
dat	O
vooraf	O
duidelijk	O
was	O
dat	O
de	O
bijdrage	O
vanuit	O
BZK	O
nooit	O
kostendekkend	O
zou	O
worden	O
.	O
Zij	O
licht	O
toe	O
dat	O
het	O
doorsturen	O
van	O
rekeningen	O
niet	O
past	O
in	O
haar	O
stijl	O
van	O
policy	O
.	O
Zij	O
denkt	O
dat	O
het	O
belangrijk	O
is	O
bij	O
BZK	O
te	O
blijven	O
aangeven	O
dat	O
kosten	O
voor	O
de	O
gemeenten	O
oplopen	O
,	O
niet	O
alleen	O
voor	O
de	O
verkiezingen	O
en	O
het	O
orga-	O
niseren	O
daarvan	O
maar	O
ook	O
voor	O
vele	O
andere	O
zaken	O
.	O
Dat	O
doet	O
het	O
college	O
ook	O
in	O
zijn	O
contacten	O
die	O
het	O
bij	O
voortduring	O
heeft	O
.	O
Ook	O
via	O
de	O
VNG	O
kaart	O
het	O
college	O
het	O
nodige	O
aan	O
.	O
Zij	O
betwijfelt	O
ook	O
of	O
veel	O
te	O
bereiken	O
is	O
met	O
het	O
doorsturen	O
van	O
de	O
rekening	O
.	O
Mevrouw	O
Van	O
Dun	B-PER
(	E-PER
D66	O
)	O
begrijpt	O
dat	O
dit	O
niet	O
de	O
manier	O
van	O
de	O
burgemeester	O
is	O
.	O
Dit	O
500	O
is	O
wel	O
haar	O
manier	O
.	O
Wanneer	O
de	O
gemeente	O
een	O
verzoek	O
krijgt	O
ergens	O
aan	O
mee	O
te	O
wer-	O
ken	O
,	O
vindt	O
zij	O
de	O
verhouding	O
scheef	O
als	O
het	O
gaat	O
om	O
de	O
kosten	O
voor	O
de	O
gemeente	O
en	O
de	O
kosten	O
voor	O
degene	O
die	O
het	O
verzoek	O
doet	O
.	O
Het	O
merendeel	O
kwam	O
bij	O
de	O
gemeente	O
terecht	O
.	O
Zij	O
vindt	O
dat	O
dat	O
hoe	O
dan	O
ook	O
aan	O
de	O
orde	O
gesteld	O
mag	O
worden	O
.	O
Zij	O
benadrukt	O
dat	O
de	O
gemeente	O
dit	O
aan	O
de	O
orde	O
moet	O
stellen	O
.	O
Burgemeester	O
Dijksma	O
is	S-PER
bereid	O
om	O
dit	O
aan	O
de	O
orde	O
te	O
stellen	O
.	O
Zij	O
denkt	O
ook	O
dat	O
dat	O
terecht	O
is	O
.	O
Zij	O
voorziet	O
dat	O
de	O
verhouding	O
eerder	O
schever	O
wordt	O
dan	O
minder	O
scheef	O
.	O
Zij	O
zal	O
de	O
kritiek	O
overbrengen	O
.	O
De	O
voorzitter	O
concludeert	O
dat	O
dit	O
onderwerp	O
doorgeleid	O
wordt	O
naar	O
de	O
raad	O
met	O
de	O
B-	O
510	O
status	O
.	O
In	O
de	O
afstemming	O
met	O
de	O
commissie	O
concludeert	O
hij	O
dat	O
de	O
commissie	O
voor	O
de	O
bespreking	O
15	O
minuten	O
uittrekt	O
en	O
dat	O
de	O
burgemeester	O
de	O
toegezegde	O
brief	O
voor	O
de	O
raadsbehandeling	O
zal	O
toesturen	O
naar	O
de	O
commissie	O
.	O
Tot	O
dat	O
moment	O
krijgt	O
het	O
voor	O
de	O
heer	O
Van	O
Steeg	B-PER
(	E-PER
CDA	O
)	O
de	O
B-status	O
.	O
De	O
heer	O
Sungur	O
(	S-PER
DENK	O
)	O
vraagt	O
of	O
er	O
fracties	O
zijn	O
die	O
aan	O
concrete	O
voorstellen	O
den-	O
ken	O
.	O
Voor	O
zijn	O
fractie	O
lijkt	O
dit	O
voorstel	O
naar	O
de	O
A-status	O
te	O
gaan	O
.	O
voorzitter	O
concludeert	O
dat	O
voorafgaand	O
aan	O
de	O
raad	O
te	O
overleggen	O
is	O
over	O
de	O
status	O
van	O
dit	O
agendapunt	O
.	O
Hij	O
recapituleert	O
de	O
gedane	O
toezegging	O
:	O
De	O
burgemeester	O
zal	O
In	O
Q1	O
2022	O
een	O
brief	O
sturen	O
naar	O
de	O
raad	O
waarin	O
zij	O
ingaat	O
op	O
de	O
toegankelijkheid	O
en	O
520	O
op	O
hoe	O
voortgegaan	O
zal	O
worden	O
met	O
de	O
bureaus	O
.	O
Zij	O
noemt	O
ook	O
de	O
aanvullende	O
vraag	O
van	O
mevrouw	O
Assen	O
.	S-PER
Mevrouw	O
Van	O
Dun	B-PER
(	E-PER
D66	O
)	O
verneemt	O
desgevraagd	O
van	O
de	O
voorzitter	O
dat	O
de	O
belofte	O
van	O
de	O
burgemeester	O
om	O
op	O
het	O
ministerie	O
in	O
te	O
gaan	O
op	O
de	O
scheve	O
financiële	O
verhouding	O
als	O
het	O
gaat	O
om	O
de	O
bijdrage	O
vanuit	O
het	O
Rijk	O
,	O
niet	O
opgenomen	O
zal	O
worden	O
als	O
een	O
toezegging	O
aangezien	O
daaraan	O
geen	O
stuk	O
is	O
verbonden	O
.	O
Griffie	O
Gemeenteraad	O
Utrecht	O
Verslag	O
van	O
de	O
openbare	O
fysieke	O
vergadering	O
van	O
de	O
Commissie	O
Mens	O
&	O
Samenleving	O
op	O
30	O
september	O
2021	O
Pagina	O
12	O
van	O
12	O
De	O
heer	O
Sungur	O
(	S-PER
DENK	O
)	O
verneemt	O
bevestiging	O
van	O
de	O
voorzitter	O
dat	O
de	O
eerdere	O
toezegging	O
waaraan	O
hij	O
refereerde	O
in	O
deze	O
vergadering	O
nog	O
loopt	O
.	O
530	O
De	O
voorzitter	O
sluit	O
de	O
vergadering	O
om	O
11.12	O
uur	O
en	O
neemt	O
bij	O
acclamatie	O
afscheid	O
van	O
deze	O
commissie	O
.	O
